Respondent,SourceStimuliName,VisitedAOI,Dwell Start,Dwell End,Number of Fixations in Dwell,Number of Saccades in Dwell,Dwell Time
P1,SWA_Stimulus,SWA_Stimulus_Question_Task1,953.7829,1262.1019,2,2,308.31899999999985
P1,SWA_Stimulus,SWA_Stimulus_Journalist_List_2,5269.9931,5528.3232,1,1,258.33010000000013
P1,SWA_Stimulus,SWA_Stimulus_EventInfo_1,5578.2787,5703.2645,1,0,124.98580000000038
P1,SWA_Stimulus,SWA_Stimulus_EventInfo_1,5978.2438,6111.5613,1,1,133.3175000000001
P1,SWA_Stimulus,SWA_Stimulus_EventInfo_1,6294.8838,6986.4534,2,2,691.5696000000007
P1,SWA_Stimulus,SWA_Stimulus_EventInfo_1,7261.4247,7528.1398,1,1,266.71510000000035
P1,SWA_Stimulus,SWA_Stimulus_EventInfo_1,7819.7261,10277.7899,8,9,2458.0638
P1,SWA_Stimulus,SWA_Stimulus_Journalist_List_3,10277.7899,10527.729,1,0,249.9390999999996
P1,SWA_Stimulus,SWA_Stimulus_EventInfo_1,10586.0775,11369.3215,2,3,783.2440000000006
P1,SWA_Stimulus,SWA_Stimulus_Journalist_List_1,11369.3215,13127.4505,4,7,1758.1290000000008
P1,SWA_Stimulus,SWA_Stimulus_Status_Published1,13127.4505,13319.0954,1,0,191.64489999999932
P1,SWA_Stimulus,SWA_Stimulus_EventInfo_1,13352.4657,14052.3499,1,0,699.8841999999986
P1,SWA_Stimulus,SWA_Stimulus_Status_Published2,14077.3766,14593.9928,1,0,516.6162000000004
P1,SWA_Stimulus,SWA_Stimulus_Journalist_List_2,14635.6244,14868.9516,1,1,233.32719999999972
P1,SWA_Stimulus,SWA_Stimulus_Journalist_List_3,14918.9358,15110.5988,1,0,191.66300000000047
P1,SWA_Stimulus,SWA_Stimulus_EventInfo_1,15610.5403,15627.2045,0,1,16.664199999999255
P1,SWA_Stimulus,SWA_Stimulus_Status Request1,16035.4715,16060.502,0,1,25.030500000000757
P1,SWA_Stimulus,SWA_Stimulus_Event_Details,16752.0669,17077.02,1,0,324.9530999999988
P1,SWA_Stimulus,SWA_Stimulus_Event_Details,17552.0023,18151.9084,1,1,599.9061000000002
P1,SWA_Stimulus,SWA_Stimulus_EventInfo_1,18226.9292,18385.2163,1,2,158.28710000000137
P1,SWA_Stimulus,SWA_Stimulus_Add_1,18393.5477,18426.8777,0,1,33.330000000001746
P1,SWA_Stimulus,SWA_Stimulus_Event_Details,18701.8538,19268.479,3,2,566.6251999999986
P1,SWA_Stimulus,SWA_Stimulus_Confirm_add,19685.1195,19910.0459,1,0,224.92640000000029
P1,SWA_Stimulus,SWA_Stimulus_Event_Details,19951.7326,22351.4635,5,5,2399.7309000000023
P1,SWA_Stimulus,SWA_Stimulus_Available_Journalists,22351.4635,22976.3807,1,1,624.9171999999999
P1,SWA_Stimulus,SWA_Stimulus_Event_Details,22976.3807,23084.7178,1,0,108.33709999999701
P1,SWA_Stimulus,SWA_Stimulus_Navigation_2,23476.3717,23543.0009,1,0,66.6291999999994
P1,SWA_Stimulus,SWA_Stimulus_EventInfo_3,23609.6428,23809.6561,1,0,200.0132999999987
P1,SWA_Stimulus,SWA_Stimulus_EventInfo_2,24092.9492,24267.9212,1,0,174.97200000000157
P1,SWA_Stimulus,SWA_Stimulus_Journalist_List5,24626.2188,24759.5757,1,0,133.3569000000025
P1,SWA_Stimulus,SWA_Stimulus_Status_Published_4,24759.5757,24784.5158,0,1,24.940099999999802
P1,SWA_Stimulus,SWA_Stimulus_EventInfo_2,26051.0745,26351.0627,1,1,299.9881999999998
P1,SWA_Stimulus,SWA_Stimulus_Journalist_List4,26351.0627,26567.6693,1,0,216.6066000000028
P1,SWA_Stimulus,SWA_Stimulus_Status_Published_4,26626.0176,26684.3467,0,2,58.329099999999016
P1,SWA_Stimulus,SWA_Stimulus_Status_Published_4,26759.305,27075.9636,1,1,316.65859999999884
P1,SWA_Stimulus,SWA_Stimulus_Journalist_List5,27075.9636,27117.6142,0,1,41.65060000000085
P1,SWA_Stimulus,SWA_Stimulus_Event_Details,28117.5068,29609.022,3,8,1491.5152000000016
P1,SWA_Stimulus,SWA_Stimulus_Journalist_List_6,29933.9836,30200.6137,2,2,266.63010000000213
P1,SWA_Stimulus,SWA_Stimulus_EventInfo_2,30550.5889,31333.8173,2,2,783.2284
P1,SWA_Stimulus,SWA_Stimulus_Status_invited1,31333.8173,31583.8109,1,1,249.9936000000016
P1,SWA_Stimulus,SWA_Stimulus_EventInfo_2,31658.7728,31883.768,2,3,224.9952000000012
P1,SWA_Stimulus,SWA_Stimulus_EventInfo_2,31933.7388,32100.4201,1,0,166.6813000000002
P1,SWA_Stimulus,SWA_Stimulus_Status_invited1,32125.4076,32475.3798,1,1,349.97220000000016
P1,SWA_Stimulus,SWA_Stimulus_Journalist_List4,32500.3629,32808.6796,2,3,308.31670000000304
P1,SWA_Stimulus,SWA_Stimulus_EventInfo_2,32808.6796,32975.3134,1,2,166.63379999999597
P1,SWA_Stimulus,SWA_Stimulus_EventInfo_2,33266.9465,33483.607,1,1,216.6605000000054
P1,SWA_Stimulus,SWA_Stimulus_EventInfo_1,33633.5889,33783.5626,1,1,149.973699999995
P1,SWA_Stimulus,SWA_Stimulus_Add_1,36075.0003,36258.2571,1,0,183.25680000000284
P1,SWA_Stimulus,SWA_Stimulus_Status Request1,37024.9034,37216.537,1,0,191.63359999999375
P1,SWA_Stimulus,SWA_Stimulus_Add_1,37283.1454,37633.1476,1,1,350.00219999999536
P1,SWA_Stimulus,SWA_Stimulus_Add_1,37758.0918,38199.753,1,1,441.661199999995
P1,SWA_Stimulus,SWA_Stimulus_Question_Task1,39141.3106,39366.252,1,3,224.94140000000334
P1,SWA_Stimulus,SWA_Stimulus_EventInfo_1,39666.2812,40274.4892,3,3,608.208000000006
P1,SWA_Stimulus,SWA_Stimulus_Navigation_1,41082.7516,41091.0756,0,1,8.323999999993248
P1,SWA_Stimulus,SWA_Stimulus_EventInfo_1,41116.0936,41282.7553,1,2,166.66169999999693
P1,SWA_Stimulus,SWA_Stimulus_Add_1,41341.0335,41682.6613,1,1,341.627800000002
P1,SWA_Stimulus,SWA_Stimulus_Event_Details,42282.6335,44857.3393,5,8,2574.705799999996
P1,SWA_Stimulus,SWA_Stimulus_Available_Journalists,44890.6663,45490.554,3,4,599.8876999999993
P1,SWA_Stimulus,SWA_Stimulus_Event_Details,45598.8893,46182.1406,2,2,583.2512999999963
P1,SWA_Stimulus,SWA_Stimulus_Event_Details,46598.7676,48348.624,5,9,1749.8564000000042
P1,SWA_Stimulus,SWA_Stimulus_Available_Journalists,48348.624,49498.4763,3,3,1149.8522999999986
P1,SWA_Stimulus,SWA_Stimulus_Journalist_selection,49498.4763,49840.0716,1,0,341.59530000000086
P1,SWA_Stimulus,SWA_Stimulus_Available_Journalists,49840.0716,50281.6995,1,2,441.6278999999995
P1,SWA_Stimulus,SWA_Stimulus_Available_Journalists,50306.7118,50856.6632,3,3,549.9514000000054
P1,SWA_Stimulus,SWA_Stimulus_Available_Journalists,51356.5814,51498.2505,1,1,141.66909999999916
P1,SWA_Stimulus,SWA_Stimulus_Confirm_add,51539.9261,51548.2307,0,1,8.30460000000312
P1,SWA_Stimulus,SWA_Stimulus_EventInfo_2,52298.1588,52539.7806,1,0,241.6218000000008
P1,SWA_Stimulus,SWA_Stimulus_Status_Published_4,52739.7571,53706.3754,2,1,966.6182999999946
P1,SWA_Stimulus,SWA_Stimulus_Journalist_List4,53747.9934,53964.6105,1,1,216.61710000000312
P1,SWA_Stimulus,SWA_Stimulus_Status_invited1,53964.6105,54181.253,1,2,216.64249999999447
P1,SWA_Stimulus,SWA_Stimulus_Journalist_List4,54189.5849,54947.8319,1,2,758.2469999999958
P1,SWA_Stimulus,SWA_Stimulus_Journalist_List4,55106.1493,55506.1037,1,1,399.95440000000235
P1,SWA_Stimulus,SWA_Stimulus_Status_invited1,55506.1037,55622.7591,1,0,116.65540000000328
P1,SWA_Stimulus,SWA_Stimulus_Status_Published_5,55681.0859,55964.4228,2,1,283.33690000000206
P1,SWA_Stimulus,SWA_Stimulus_Journalist_List4,56189.3889,56331.0405,1,1,141.6516000000047
P1,SWA_Stimulus,SWA_Stimulus_Status_invited1,56339.3436,56389.3378,0,1,49.994200000001
P1,SWA_Stimulus,SWA_Stimulus_Status_invited1,56506.0209,57214.2463,1,0,708.2253999999957
P1,SWA_Stimulus,SWA_Stimulus_Journalist_List4,57214.2463,57247.6025,0,1,33.35620000000199
P1,SWA_Stimulus,SWA_Stimulus_EventInfo_2,57389.2591,57814.2075,2,4,424.94839999999385
P1,SWA_Stimulus,SWA_Stimulus_Journalist_List4,58105.849,58697.4411,3,2,591.5920999999944
P1,SWA_Stimulus,SWA_Stimulus_Journalist_List4,58864.0975,59097.3716,1,0,233.2740999999951
P1,SWA_Stimulus,SWA_Stimulus_Available_Journalists,60322.2432,61013.8699,2,6,691.6267000000007
P1,SWA_Stimulus,SWA_Stimulus_Journalist_selection,61013.8699,61122.1623,1,1,108.29240000000573
P1,SWA_Stimulus,SWA_Stimulus_Journalist_List4,61355.4771,61530.4341,1,1,174.95700000000215
P1,SWA_Stimulus,SWA_Stimulus_EventInfo_2,61530.4341,61572.0957,0,1,41.66159999999945
P1,SWA_Stimulus,SWA_Stimulus_EventInfo_2,61688.7942,61697.1244,0,1,8.33020000000397
P1,SWA_Stimulus,SWA_Stimulus_Journalist_List4,61705.4655,61905.4159,1,1,199.95040000000154
P1,SWA_Stimulus,SWA_Stimulus_Available_Journalists,62063.7245,63163.5803,3,4,1099.8558000000048
P1,SWA_Stimulus,SWA_Stimulus_Journalist_List4,63288.5699,63363.587,1,0,75.0170999999973
P1,SWA_Stimulus,SWA_Stimulus_Journalist_List4,63438.5517,63846.8396,1,1,408.2878999999957
P1,SWA_Stimulus,SWA_Stimulus_Available_Journalists,63980.1554,65413.3469,5,9,1433.1914999999935
P1,SWA_Stimulus,SWA_Stimulus_Journalist_List4,66779.8967,67196.4527,1,1,416.55599999999686
P1,SWA_Stimulus,SWA_Stimulus_Available_Journalists,69079.5811,69304.5713,1,3,224.9902000000002
P1,SWA_Stimulus,SWA_Stimulus_Event_Details,69304.5713,69846.1582,2,4,541.5869000000093
P1,SWA_Stimulus,SWA_Stimulus_Available_Journalists,69871.156,70454.4424,2,2,583.2863999999972
P1,SWA_Stimulus,SWA_Stimulus_EventInfo_2,70579.4204,71121.0321,3,6,541.611699999994
P1,SWA_Stimulus,SWA_Stimulus_Question_Task1,71670.9738,71829.2888,0,3,158.31499999998778
P1,SWA_Stimulus,SWA_Stimulus_Question_Task1,72195.9171,72462.5671,1,0,266.6499999999942
P1,SWA_Stimulus,SWA_Stimulus_Journalist_List4,72804.1822,73212.4492,1,3,408.2670000000071
P1,SWA_Stimulus,SWA_Stimulus_Journalist_List4,74195.6784,74962.252,1,1,766.5735999999888
P1,SWA_Stimulus,SWA_Stimulus_Question_Task1,75045.5836,75387.2335,2,2,341.649900000004
P1,SWA_Stimulus,SWA_Stimulus_Available_Journalists,75512.2193,75520.5852,0,1,8.36590000000433
P1,SWA_Stimulus,SWA_Stimulus_Available_Journalists,75620.5073,75845.478,1,3,224.9707000000053
P1,SWA_Stimulus,SWA_Stimulus_Event_Details,75887.1512,75895.4869,0,1,8.335700000010547
P1,SWA_Stimulus,SWA_Stimulus_Available_Journalists,75895.4869,76128.7801,1,0,233.29320000000007
P1,SWA_Stimulus,SWA_Stimulus_Available_Journalists,76145.4463,76420.414,1,0,274.96770000000834
P1,SWA_Stimulus,SWA_Stimulus_Event_Details,76420.414,76828.7315,1,2,408.3174999999901
P1,SWA_Stimulus,SWA_Stimulus_Question_Task1,76895.3625,77045.354,1,0,149.99150000000373
P1,SWA_Stimulus,SWA_Stimulus_Journalist_List4,77261.9892,77486.9831,1,2,224.9939000000013
P1,SWA_Stimulus,SWA_Stimulus_Status_invited1,77486.9831,77870.2578,1,0,383.27470000000903
P1,SWA_Stimulus,SWA_Stimulus_Journalist_List4,77870.2578,77878.5838,0,1,8.32599999998638
P1,SWA_Stimulus,SWA_Stimulus_Journalist_List5,77945.2764,78161.9151,1,0,216.63869999999588
P1,SWA_Stimulus,SWA_Stimulus_Status_Request2,78186.9036,78795.1497,1,0,608.2460999999894
P1,SWA_Stimulus,SWA_Stimulus_Status_Published_4,78795.1497,79203.4493,1,2,408.29959999999846
P1,SWA_Stimulus,SWA_Stimulus_Status_Request2,79203.4493,79361.7652,1,1,158.31590000000142
P1,SWA_Stimulus,SWA_Stimulus_Status_Published_5,79553.3986,79786.7142,1,0,233.31560000000172
P1,SWA_Stimulus,SWA_Stimulus_Status_Published_5,80703.3338,80986.5774,1,0,283.2436000000016
P1,SWA_Stimulus,SWA_Stimulus_Status_Published_4,81019.9561,81753.1537,1,0,733.1975999999995
P1,SWA_Stimulus,SWA_Stimulus_Status_Request2,81911.4725,82036.4606,1,0,124.9881000000023
P1,SWA_Stimulus,SWA_Stimulus_Status_Published_4,82036.4606,82353.131,2,3,316.67039999998815
P1,SWA_Stimulus,SWA_Stimulus_Status_Published_5,82378.1193,82711.4175,1,0,333.2981999999902
P1,SWA_Stimulus,SWA_Stimulus_Status_Published_4,82761.3862,82978.0393,1,0,216.65310000001045
P1,SWA_Stimulus,SWA_Stimulus_Status_invited1,83036.391,84144.5689,2,1,1108.1778999999951
P1,SWA_Stimulus,SWA_Stimulus_Status_Published_4,84177.8971,85094.4823,3,4,916.5852000000014
P1,SWA_Stimulus,SWA_Stimulus_Journalist_List_6,85094.4823,85302.7792,1,0,208.2969000000012
P1,SWA_Stimulus,SWA_Stimulus_Status_Published_5,85336.1303,85552.7921,1,0,216.66180000000168
P1,SWA_Stimulus,SWA_Stimulus_Status_Published_4,85602.7543,86127.6883,1,0,524.9339999999938
P1,SWA_Stimulus,SWA_Stimulus_Question_Task1,86535.9852,87194.2436,2,2,658.2584000000061
P1,SWA_Stimulus,SWA_Stimulus_Question_Task1,87535.9181,87627.5364,1,0,91.61830000000191
P1,SWA_Stimulus,SWA_Stimulus_EventInfo_2,87785.8544,87977.4891,1,0,191.63470000000962
P1,SWA_Stimulus,SWA_Stimulus_Status_Published_4,88002.4869,88202.4694,1,0,199.98249999999825
P1,SWA_Stimulus,SWA_Stimulus_Question_Task1,88285.7943,88610.7752,1,2,324.98090000000957
P1,SWA_Stimulus,SWA_Stimulus_Question_Task1,88994.0653,89635.6851,3,5,641.6198000000004
P1,SWA_Stimulus,SWA_Stimulus_Status_Published_4,89802.3144,90260.5688,1,0,458.2543999999907
P1,SWA_Stimulus,SWA_Stimulus_EventInfo_2,90318.8941,90618.8605,1,0,299.96639999999024
P1,SWA_Stimulus,SWA_Stimulus_Status_invited1,90802.1772,91102.1424,1,1,299.96519999999146
P1,SWA_Stimulus,SWA_Stimulus_Journalist_List5,91102.1424,91343.7982,1,1,241.65580000000773
P1,SWA_Stimulus,SWA_Stimulus_Status_invited1,91385.4964,91852.0988,1,3,466.6024000000034
P1,SWA_Stimulus,SWA_Stimulus_Journalist_List5,91902.0639,92152.049,1,0,249.98510000000533
P1,SWA_Stimulus,SWA_Stimulus_Status_Published_4,92202.0249,92368.6928,1,0,166.66790000000037
P1,SWA_Stimulus,SWA_Stimulus_Journalist_List_6,92760.3176,92985.2881,1,1,224.97050000001036
P1,SWA_Stimulus,SWA_Stimulus_Status_Published_4,92985.2881,93876.832,2,2,891.5438999999897
P1,SWA_Stimulus,SWA_Stimulus_Status_invited1,93918.4955,94210.1652,1,0,291.66969999999856
P1,SWA_Stimulus,SWA_Stimulus_Journalist_List4,94210.1652,94418.4644,1,1,208.29919999999402
P1,SWA_Stimulus,SWA_Stimulus_EventInfo_2,94768.4151,95010.0627,1,2,241.6475999999966
P1,SWA_Stimulus,SWA_Stimulus_Status_Published_4,95010.0627,95793.2941,1,1,783.2314000000042
P1,SWA_Stimulus,SWA_Stimulus_EventInfo_2,98426.354,98784.6548,2,1,358.30079999999725
P1,SWA_Stimulus2,SWA_Stimulus2_Submission,99426.2446,99842.8687,1,0,416.6241000000009
P1,SWA_Stimulus2,SWA_Stimulus2_Question_Task2,100151.1396,101384.334,7,9,1233.1944000000076
P1,SWA_Stimulus2,SWA_Stimulus2_Question_Task2,101409.4389,102442.5712,5,7,1033.132300000012
P1,SWA_Stimulus2,SWA_Stimulus2_Question,103934.0706,104542.3445,2,1,608.2739000000001
P1,SWA_Stimulus2,SWA_Stimulus2_Question,104958.9538,105133.9446,0,2,174.99079999999958
P1,SWA_Stimulus2,SWA_Stimulus2_Question,105342.2557,105675.5284,1,0,333.27270000000135
P1,SWA_Stimulus2,SWA_Stimulus2_Question,106092.1921,106117.1757,0,1,24.983600000006845
P1,SWA_Stimulus2,SWA_Stimulus2_Question_Task2,106225.4786,107567.031,7,8,1341.5524000000005
P1,SWA_Stimulus2,SWA_Stimulus2_Question,109200.1406,110824.9907,5,7,1624.850099999996
P1,SWA_Stimulus2,SWA_Stimulus2_Question,111024.9504,111899.8714,3,2,874.9210000000021
P1,SWA_Stimulus2,SWA_Stimulus2_Question_Control,111899.8714,112299.8077,1,1,399.9363000000012
P1,SWA_Stimulus2,SWA_Stimulus2_Submission,113041.3935,114174.5967,3,3,1133.203199999989
P1,SWA_Stimulus2,SWA_Stimulus2_Current_Selection,114474.5649,114932.8573,2,2,458.2924000000057
P1,SWA_Stimulus2,SWA_Stimulus2_EventInfo,114932.8573,114966.1921,0,1,33.3347999999969
P1,SWA_Stimulus2,SWA_Stimulus2_Current_Selection,115866.0871,115874.4198,0,1,8.332699999999022
P1,SWA_Stimulus2,SWA_Stimulus2_Question_Editor,116174.391,116307.7061,1,0,133.31509999999253
P1,SWA_Stimulus2,SWA_Stimulus2_Edit_button,116374.372,116666.0268,1,0,291.6548000000039
P1,SWA_Stimulus2,SWA_Stimulus2_Submission_information,116715.9868,117040.9931,1,0,325.0063000000082
P1,SWA_Stimulus2,SWA_Stimulus2_EventInfo,117065.9567,117140.9541,1,0,74.99740000000747
P1,SWA_Stimulus2,SWA_Stimulus2_Question_Editor,117465.9055,117474.2383,0,1,8.332800000003772
P1,SWA_Stimulus2,SWA_Stimulus2_Edit_button,117757.5842,118065.8846,1,1,308.30040000000736
P1,SWA_Stimulus2,SWA_Stimulus2_Question_Task2,118149.1633,119232.4106,5,6,1083.2473000000027
P1,SWA_Stimulus2,SWA_Stimulus2_Question_Editor,119699.0085,120723.9202,3,3,1024.911699999997
P1,SWA_Stimulus2,SWA_Stimulus2_Submission_information,120907.2236,121215.5458,1,0,308.3222000000096
P1,SWA_Stimulus2,SWA_Stimulus2_Question_Control,121682.1299,121898.7739,1,0,216.64400000000023
P1,SWA_Stimulus2,SWA_Stimulus2_Question_Control,121915.4428,122273.7084,1,1,358.2655999999988
P1,SWA_Stimulus2,SWA_Stimulus2_Question,122273.7084,122423.7276,1,0,150.01919999999518
P1,SWA_Stimulus2,SWA_Stimulus2_Question_Control,122448.7965,122707.0357,2,4,258.23919999999634
P1,SWA_Stimulus2,SWA_Stimulus2_Question_Control,122848.6749,122865.3513,0,1,16.676399999996647
P1,SWA_Stimulus2,SWA_Stimulus2_Published_Report_1,123015.2957,123231.9711,1,2,216.6753999999928
P1,SWA_Stimulus2,SWA_Stimulus2_Current_Selection,123231.9711,123715.2394,1,1,483.26830000001064
P1,SWA_Stimulus2,SWA_Stimulus2_EventInfo,124131.8469,125073.408,2,2,941.5610999999917
P1,SWA_Stimulus2,SWA_Stimulus2_Navigation_3,125123.4111,125565.062,2,1,441.6509000000078
P1,SWA_Stimulus2,SWA_Stimulus2_Question,126148.3241,126264.9499,1,0,116.6258000000089
P1,SWA_Stimulus2,SWA_Stimulus2_Submission,128298.0955,129089.6795,4,2,791.5840000000026
P1,SWA_Stimulus2,SWA_Stimulus2_Navigation_2,129089.6795,129381.2955,1,1,291.61599999999453
P1,SWA_Stimulus2,SWA_Stimulus2_Submission,129539.6417,130281.1794,3,4,741.5377000000008
P1,SWA_Stimulus2,SWA_Stimulus2_Navigation_2,130339.5084,131222.7401,2,2,883.2316999999894
P1,SWA_Stimulus2,SWA_Stimulus2_Navigation_2,131364.4074,131506.0725,1,0,141.6651000000129
P1,SWA_Stimulus2,SWA_Stimulus2_Navigation_2,131856.001,134622.4114,3,3,2766.4104000000225
P1,SWA_Stimulus2,SWA_Stimulus2_Navigation_2,135047.357,135597.2758,1,2,549.918800000014
P1,SWA_Stimulus2,SWA_Stimulus2_Submission,135613.9551,135847.2639,1,0,233.30879999999888
P1,SWA_Stimulus2,SWA_Stimulus2_Navigation_2,135888.9096,136855.456,1,1,966.546399999992
P1,SWA_Stimulus2,SWA_Stimulus2_Navigation_2,136997.1576,137297.1688,1,0,300.0112000000081
P1,SWA_Stimulus2,SWA_Stimulus2_Navigation_2,137613.7552,137930.3469,1,0,316.59169999998994
P1,SWA_Stimulus2,SWA_Stimulus2_Navigation_2,138221.9662,140271.7438,2,1,2049.7776000000013
P1,SWA_Stimulus2,SWA_Stimulus2_Submission,140313.4042,140455.0739,1,0,141.66969999999856
P1,SWA_Stimulus2,SWA_Stimulus2_Current_Selection,140630.039,141296.6545,2,1,666.6155000000144
P1,SWA_Stimulus2,SWA_Stimulus2_Navigation_3,141296.6545,141704.9613,2,4,408.3067999999912
P1,SWA_Stimulus2,SWA_Stimulus2_EventInfo,141704.9613,141963.23,1,0,258.2687000000151
P1,SWA_Stimulus2,SWA_Stimulus2_Navigation_3,142138.2139,143096.4923,3,6,958.2784000000102
P1,SWA_Stimulus2,SWA_Stimulus2_Current_Selection,143171.4224,143346.4082,1,1,174.98579999999492
P1,SWA_Stimulus2,SWA_Stimulus2_EventInfo,143346.4082,143563.0597,1,1,216.65150000000722
P1,SWA_Stimulus2,SWA_Stimulus2_EventInfo,143821.3623,144237.9854,1,0,416.62309999999707
P1,SWA_Stimulus2,SWA_Stimulus2_Navigation_3,144279.6383,144521.2743,1,0,241.6359999999986
P1,SWA_Stimulus2,SWA_Stimulus2_Navigation_3,144854.592,146329.4034,2,3,1474.811400000006
P1,SWA_Stimulus2,SWA_Stimulus2_Published_Report_1,146479.3821,146562.733,1,1,83.35090000001946
P1,SWA_Stimulus2,SWA_Stimulus2_Current_Selection,146629.3652,146879.3379,1,1,249.972700000013
P1,SWA_Stimulus2,SWA_Stimulus2_Question_Editor,146921.0013,147070.9827,1,1,149.98139999998966
P1,SWA_Stimulus2,SWA_Stimulus2_Edit_button,147595.9231,147937.5942,1,0,341.67109999997774
P1,SWA_Stimulus2,SWA_Stimulus2_Question_Editor,147937.5942,148445.8614,2,2,508.26720000000205
P1,SWA_Stimulus2,SWA_Stimulus2_Current_Selection,148479.1595,148829.1519,1,0,349.99239999998827
P1,SWA_Stimulus2,SWA_Stimulus2_Current_Selection,148845.8338,149129.088,1,0,283.25419999999576
P1,SWA_Stimulus2,SWA_Stimulus2_Published_Report_1,149129.088,149429.1163,1,1,300.0283000000054
P1,SWA_Stimulus2,SWA_Stimulus2_Question_Editor,149429.1163,149579.0657,1,1,149.94940000001225
P1,SWA_Stimulus2,SWA_Stimulus2_Current_Selection,149845.6934,150062.3166,1,0,216.62320000000182
P1,SWA_Stimulus2,SWA_Stimulus2_Current_Selection,150103.9779,150970.5758,1,1,866.5978999999934
P1,SWA_Stimulus2,SWA_Stimulus2_Question_Editor,151045.5542,151420.5062,1,0,374.9519999999902
P1,SWA_Stimulus2,SWA_Stimulus2_Edit_button,151470.4987,151703.8043,1,2,233.3055999999924
P1,SWA_Stimulus2,SWA_Stimulus2_Submission_information,151795.4998,152212.1081,2,2,416.6083000000217
P1,SWA_Stimulus2,SWA_Stimulus2_Current_Selection,152278.7651,152362.0807,1,1,83.31560000000172
P1,SWA_Stimulus2,SWA_Stimulus2_Published_Report_1,152637.0443,152687.0595,0,1,50.015199999994365
P1,SWA_Stimulus2,SWA_Stimulus2_Question_Editor,152695.3929,153878.6132,3,6,1183.2202999999863
P1,SWA_Stimulus2,SWA_Stimulus2_EventInfo,153878.6132,154353.5052,2,4,474.89200000002165
P1,SWA_Stimulus2,SWA_Stimulus2_Navigation_3,154578.5316,155020.133,2,1,441.6014000000141
P1,SWA_Stimulus2,SWA_Stimulus2_EventInfo,155020.133,155278.4322,1,1,258.29920000000857
P1,SWA_Stimulus2,SWA_Stimulus2_Question,155720.0254,156069.9993,1,0,349.9738999999827
P1,SWA_Stimulus2,SWA_Stimulus2_Current_Selection,156186.6721,156203.3157,0,1,16.643600000010338
P1,SWA_Stimulus2,SWA_Stimulus2_EventInfo,156211.6591,156536.6204,1,2,324.9613000000245
P1,SWA_Stimulus2,SWA_Stimulus2_Navigation_3,156728.2515,157603.1625,1,0,874.9109999999928
P1,SWA_Stimulus2,SWA_Stimulus2_EventInfo,157669.8116,157919.8023,2,2,249.99070000002393
P1,SWA_Stimulus2,SWA_Stimulus2_Navigation_2,158544.7417,159544.6066,2,3,999.8648999999859
P1,SWA_Stimulus2,SWA_Stimulus2_Submission,159636.2832,159944.5565,1,1,308.27330000000075
P1,SWA_Stimulus2,SWA_Stimulus2_Question_Task2,160136.2456,161227.779,3,5,1091.5334000000148
P1,SWA_Stimulus2,SWA_Stimulus2_Edit_button,161419.4179,161994.3306,1,0,574.9126999999862
P1,SWA_Stimulus2,SWA_Stimulus2_EventInfo,162052.69,162077.6542,0,1,24.964199999987613
P1,SWA_Stimulus2,SWA_Stimulus2_EventInfo,162160.9775,162236.023,0,3,75.04549999997835
P1,SWA_Stimulus2,SWA_Stimulus2_Submission_information,162294.3277,162469.276,1,2,174.9483000000182
P1,SWA_Stimulus2,SWA_Stimulus2_Navigation_3,162544.2701,162885.9117,2,2,341.64160000000265
P2,SWA_Stimulus,SWA_Stimulus_EventInfo_1,616.6061,1024.89,1,1,408.28390000000013
P2,SWA_Stimulus,SWA_Stimulus_EventInfo_1,1058.2074,1283.2152,1,3,225.0078000000001
P2,SWA_Stimulus,SWA_Stimulus_Navigation_1,1516.503,2116.4565,2,4,599.9534999999998
P2,SWA_Stimulus,SWA_Stimulus_Navigation_2,3030.03,3063.3551,0,1,33.32510000000002
P2,SWA_Stimulus,SWA_Stimulus_Navigation_1,7549.813,7616.451,0,1,66.63799999999992
P2,SWA_Stimulus,SWA_Stimulus_EventInfo_1,8788.072,8796.4055,0,1,8.33350000000064
P2,SWA_Stimulus,SWA_Stimulus_Journalist_List_1,8979.7254,9379.6956,1,1,399.97019999999975
P2,SWA_Stimulus,SWA_Stimulus_Status_Published1,9379.6956,9421.3308,0,1,41.63520000000062
P2,SWA_Stimulus,SWA_Stimulus_Status Request1,9612.9749,9621.3403,0,1,8.36540000000059
P2,SWA_Stimulus,SWA_Stimulus_Journalist_List_1,9704.6334,10012.9299,1,1,308.29649999999856
P2,SWA_Stimulus,SWA_Stimulus_EventInfo_2,10087.9237,10379.5773,1,5,291.65360000000146
P2,SWA_Stimulus,SWA_Stimulus_Status Request1,10504.5672,10587.8656,1,0,83.29839999999967
P2,SWA_Stimulus,SWA_Stimulus_EventInfo_1,10587.8656,11296.1277,2,9,708.2620999999999
P2,SWA_Stimulus,SWA_Stimulus_EventInfo_1,13437.5613,13845.8353,1,2,408.27400000000125
P2,SWA_Stimulus,SWA_Stimulus_EventInfo_1,15287.3397,15345.6908,0,2,58.35109999999986
P2,SWA_Stimulus,SWA_Stimulus_Journalist_List_2,15620.6705,15778.9653,1,1,158.29479999999967
P2,SWA_Stimulus,SWA_Stimulus_EventInfo_1,15862.2777,16162.2463,2,1,299.96860000000015
P2,SWA_Stimulus,SWA_Stimulus_Navigation_1,16453.9162,16703.8553,0,2,249.9390999999996
P2,SWA_Stimulus,SWA_Stimulus_Navigation_2,16937.1612,16945.5088,0,1,8.347600000000966
P2,SWA_Stimulus,SWA_Stimulus_Navigation_2,17037.1771,17320.4802,1,2,283.303100000001
P2,SWA_Stimulus,SWA_Stimulus_EventInfo_2,17320.4802,18087.0487,3,5,766.5684999999976
P2,SWA_Stimulus,SWA_Stimulus_Journalist_List4,18170.3934,18195.3812,0,1,24.98779999999897
P2,SWA_Stimulus,SWA_Stimulus_EventInfo_2,18203.7016,18212.0268,0,1,8.325199999999313
P2,SWA_Stimulus,SWA_Stimulus_Journalist_List4,18328.6972,18345.3488,0,1,16.651600000001054
P2,SWA_Stimulus,SWA_Stimulus_Status_invited1,18520.3383,18528.6525,0,1,8.31420000000071
P2,SWA_Stimulus,SWA_Stimulus_Status_invited1,18736.984,18753.6413,0,1,16.65729999999894
P2,SWA_Stimulus,SWA_Stimulus_Status Request1,19211.9256,19245.2962,0,1,33.370600000002014
P2,SWA_Stimulus,SWA_Stimulus_Journalist_List_1,19495.2513,19795.1989,0,2,299.9475999999995
P2,SWA_Stimulus,SWA_Stimulus_Status_Published1,19795.1989,19870.1737,1,0,74.97479999999996
P2,SWA_Stimulus,SWA_Stimulus_Journalist_List_2,19870.1737,20086.855,1,2,216.6813000000002
P2,SWA_Stimulus,SWA_Stimulus_Journalist_List_2,20203.4696,20370.1213,1,0,166.65169999999853
P2,SWA_Stimulus,SWA_Stimulus_Status_Published2,20486.7946,20578.488,1,0,91.69340000000011
P2,SWA_Stimulus,SWA_Stimulus_Journalist_List_2,20595.1162,20603.4425,0,1,8.326300000000629
P2,SWA_Stimulus,SWA_Stimulus_Status_Published2,20645.1444,20653.4745,0,1,8.33009999999922
P2,SWA_Stimulus,SWA_Stimulus_EventInfo_1,20786.7835,20795.0805,0,1,8.296999999998661
P2,SWA_Stimulus,SWA_Stimulus_Journalist_List_2,20795.0805,20945.0674,1,1,149.98689999999988
P2,SWA_Stimulus,SWA_Stimulus_Status_Published1,21320.0856,21628.3745,1,2,308.2889000000032
P2,SWA_Stimulus,SWA_Stimulus_Journalist_List_1,21678.3118,21845.0059,0,2,166.69410000000062
P2,SWA_Stimulus,SWA_Stimulus_Journalist_List_1,22461.6014,22503.2216,0,1,41.620200000001205
P2,SWA_Stimulus,SWA_Stimulus_EventInfo_1,22619.8937,22853.21,1,0,233.3162999999986
P2,SWA_Stimulus,SWA_Stimulus_EventInfo_1,22903.2005,23544.7902,3,3,641.5897000000004
P2,SWA_Stimulus,SWA_Stimulus_Journalist_List_3,23561.4711,24028.0878,2,7,466.6167000000023
P2,SWA_Stimulus,SWA_Stimulus_Status_Published3,24294.7056,24303.0356,0,1,8.329999999998108
P2,SWA_Stimulus,SWA_Stimulus_Journalist_List_3,24386.3484,24744.6532,1,5,358.3048000000017
P2,SWA_Stimulus,SWA_Stimulus_Navigation_1,24877.9759,24911.322,0,2,33.34609999999884
P2,SWA_Stimulus,SWA_Stimulus_Navigation_1,25911.1824,26177.8898,1,1,266.7073999999993
P2,SWA_Stimulus,SWA_Stimulus_Navigation_1,26857.4398,26949.1411,0,1,91.70130000000063
P2,SWA_Stimulus,SWA_Stimulus_Navigation_1,27115.7216,27215.7095,1,1,99.98790000000008
P2,SWA_Stimulus,SWA_Stimulus_EventInfo_1,27299.035,27465.6824,1,4,166.64740000000165
P2,SWA_Stimulus,SWA_Stimulus_Question_Task1,28048.9512,28632.2594,1,7,583.3081999999995
P2,SWA_Stimulus,SWA_Stimulus_Question_Task1,28890.5339,29582.1339,1,10,691.6000000000022
P2,SWA_Stimulus,SWA_Stimulus_Question_Task1,29807.1178,30298.7133,0,3,491.59549999999945
P2,SWA_Stimulus,SWA_Stimulus_Available_Journalists,31881.8889,31915.2153,0,2,33.3263999999981
P2,SWA_Stimulus,SWA_Stimulus_Available_Journalists,31998.6012,32015.2357,0,1,16.634500000000116
P2,SWA_Stimulus,SWA_Stimulus_Event_Details,32456.8018,35089.8592,7,30,2633.057399999998
P2,SWA_Stimulus,SWA_Stimulus_Event_Details,35289.835,38747.7839,9,45,3457.948900000003
P2,SWA_Stimulus,SWA_Stimulus_Event_Details,38906.122,39114.4339,1,0,208.3119000000006
P2,SWA_Stimulus,SWA_Stimulus_Available_Journalists,39114.4339,40530.956,5,15,1416.5220999999947
P2,SWA_Stimulus,SWA_Stimulus_Event_Details,40580.9555,41114.2268,1,6,533.2713000000003
P2,SWA_Stimulus,SWA_Stimulus_Status_Published_5,41272.5275,41280.8746,0,1,8.347100000006321
P2,SWA_Stimulus,SWA_Stimulus_Status_Published_5,41347.528,41364.2043,0,1,16.676299999999173
P2,SWA_Stimulus,SWA_Stimulus_EventInfo_2,41372.539,41639.162,1,2,266.6229999999996
P2,SWA_Stimulus,SWA_Stimulus_Status_Published_5,41714.1353,41830.8087,1,2,116.67339999999967
P2,SWA_Stimulus,SWA_Stimulus_Journalist_List_6,41830.8087,42155.8168,2,5,325.0080999999991
P2,SWA_Stimulus,SWA_Stimulus_Journalist_List_3,42472.3807,43014.0088,2,3,541.6281000000017
P2,SWA_Stimulus,SWA_Stimulus_Journalist_List_2,43089.0072,43338.9748,2,3,249.96760000000359
P2,SWA_Stimulus,SWA_Stimulus_Journalist_List_1,43580.5932,43697.2643,1,1,116.67109999999957
P2,SWA_Stimulus,SWA_Stimulus_Navigation_1,43713.9254,43797.2645,0,2,83.33909999999742
P2,SWA_Stimulus,SWA_Stimulus_Navigation_1,44155.5484,44247.2095,0,2,91.66109999999753
P2,SWA_Stimulus,SWA_Stimulus_EventInfo_2,44538.8579,44655.4946,1,0,116.63669999999547
P2,SWA_Stimulus,SWA_Stimulus_Event_Details,48468.5202,48676.8277,0,3,208.30750000000262
P2,SWA_Stimulus,SWA_Stimulus_EventInfo_1,48826.7991,49410.08,4,5,583.2809000000052
P2,SWA_Stimulus,SWA_Stimulus_EventInfo_1,49968.3431,50243.3106,0,4,274.96749999999884
P2,SWA_Stimulus,SWA_Stimulus_Navigation_1,50568.2939,50684.9385,1,2,116.64459999999963
P2,SWA_Stimulus,SWA_Stimulus_Navigation_1,51034.9017,51601.4955,0,5,566.5937999999951
P2,SWA_Stimulus,SWA_Stimulus_Navigation_1,51693.1656,51943.1346,0,1,249.96899999999732
P2,SWA_Stimulus,SWA_Stimulus_Navigation_1,52501.3985,52793.0357,0,1,291.6371999999974
P2,SWA_Stimulus,SWA_Stimulus_Journalist_List_1,53776.2746,54217.9073,0,4,441.63270000000193
P2,SWA_Stimulus,SWA_Stimulus_Journalist_List_1,54326.2492,54776.1488,1,2,449.8996000000043
P2,SWA_Stimulus,SWA_Stimulus_Journalist_List_1,54934.4825,55351.0837,1,7,416.6012000000046
P2,SWA_Stimulus,SWA_Stimulus_Journalist_List_1,55859.415,56084.3914,1,0,224.97639999999956
P2,SWA_Stimulus,SWA_Stimulus_Journalist_List_1,56317.6953,57722.1773,2,2,1404.4820000000036
P2,SWA_Stimulus,SWA_Stimulus_EventInfo_2,60776.8789,60893.504,1,1,116.62509999999747
P2,SWA_Stimulus,SWA_Stimulus_Status_Published1,63152.8651,63277.8332,1,0,124.96809999999823
P2,SWA_Stimulus,SWA_Stimulus_Journalist_List_3,63969.4322,63986.1096,0,1,16.67740000000049
P2,SWA_Stimulus,SWA_Stimulus_EventInfo_1,64027.7884,64036.1244,0,1,8.336000000002969
P2,SWA_Stimulus,SWA_Stimulus_Journalist_List_3,64069.4337,64094.4079,0,1,24.974199999996927
P2,SWA_Stimulus,SWA_Stimulus_Journalist_List_3,64432.1249,64665.4129,1,3,233.28800000000047
P2,SWA_Stimulus,SWA_Stimulus_EventInfo_1,64682.0679,64790.4092,1,0,108.34130000000005
P2,SWA_Stimulus,SWA_Stimulus_EventInfo_1,64823.7257,65381.9961,2,3,558.270399999994
P2,SWA_Stimulus,SWA_Stimulus_EventInfo_1,65448.6531,65606.9796,1,1,158.32650000000285
P2,SWA_Stimulus,SWA_Stimulus_Status_Published3,65881.9358,65890.2718,0,1,8.335999999995693
P2,SWA_Stimulus,SWA_Stimulus_Journalist_List_3,65915.3274,66165.2777,2,3,249.95030000001134
P2,SWA_Stimulus,SWA_Stimulus_Navigation_2,66806.8377,66940.1532,1,0,133.31549999999697
P2,SWA_Stimulus,SWA_Stimulus_EventInfo_2,67023.49,67165.1315,1,2,141.6414999999979
P2,SWA_Stimulus,SWA_Stimulus_Event_Details,67606.7533,67698.4502,0,1,91.69690000000992
P2,SWA_Stimulus,SWA_Stimulus_Event_Details,67756.7305,69456.6021,5,14,1699.8715999999986
P2,SWA_Stimulus,SWA_Stimulus_Event_Details,69489.9269,69664.8492,1,1,174.92229999999108
P2,SWA_Stimulus,SWA_Stimulus_Available_Journalists,71789.6393,71806.3176,0,1,16.67829999999958
P2,SWA_Stimulus,SWA_Stimulus_Event_Details,71847.9685,72414.5483,4,5,566.5797999999922
P2,SWA_Stimulus,SWA_Stimulus_Available_Journalists,72414.5483,73881.0715,2,3,1466.5232000000105
P2,SWA_Stimulus,SWA_Stimulus_Event_Details,74597.6475,76314.1255,5,8,1716.4779999999882
P2,SWA_Stimulus,SWA_Stimulus_Journalist_List_1,77797.2912,77997.2966,1,1,200.00539999999455
P2,SWA_Stimulus,SWA_Stimulus_Status_Published1,77997.2966,78255.6198,2,1,258.3231999999989
P2,SWA_Stimulus,SWA_Stimulus_Journalist_List_1,78255.6198,78688.8674,1,3,433.2476000000024
P2,SWA_Stimulus,SWA_Stimulus_Journalist_List_1,80180.4128,80363.6892,1,1,183.27639999998792
P2,SWA_Stimulus,SWA_Stimulus_Journalist_List_1,81005.2635,81480.2278,2,6,474.96429999999236
P2,SWA_Stimulus,SWA_Stimulus_Status_Published1,81596.8718,81830.1766,1,3,233.30480000001262
P2,SWA_Stimulus,SWA_Stimulus_Journalist_List_2,82113.5092,82196.8115,0,2,83.30229999999574
P2,SWA_Stimulus,SWA_Stimulus_Journalist_List_2,82355.1135,82555.1083,1,3,199.9948000000004
P2,SWA_Stimulus,SWA_Stimulus_Status_Published1,82605.0952,83721.6349,3,2,1116.5397000000085
P2,SWA_Stimulus,SWA_Stimulus_Status_Published1,83846.6565,85071.5164,1,0,1224.8598999999958
P2,SWA_Stimulus,SWA_Stimulus_Journalist_List_1,85138.1357,85788.0689,1,2,649.9331999999995
P2,SWA_Stimulus,SWA_Stimulus_Event_Details,86371.3518,97120.1907,24,103,10748.838900000002
P2,SWA_Stimulus,SWA_Stimulus_Available_Journalists,97178.5023,97570.1492,1,2,391.646900000007
P2,SWA_Stimulus,SWA_Stimulus_Event_Details,97678.4682,97753.4752,0,1,75.00699999999779
P2,SWA_Stimulus,SWA_Stimulus_Available_Journalists,97770.1481,98003.4486,1,1,233.30049999999756
P2,SWA_Stimulus,SWA_Stimulus_Event_Details,98003.4486,98720.0663,1,7,716.6177000000025
P2,SWA_Stimulus,SWA_Stimulus_Available_Journalists,98778.3478,99669.9177,1,4,891.5699000000022
P2,SWA_Stimulus,SWA_Stimulus_Available_Journalists,99728.2499,100919.8046,2,8,1191.5547000000079
P2,SWA_Stimulus,SWA_Stimulus_Available_Journalists,101453.0945,101469.728,0,1,16.633499999996275
P2,SWA_Stimulus,SWA_Stimulus_Available_Journalists,101519.7473,101919.6739,2,4,399.9265999999916
P2,SWA_Stimulus,SWA_Stimulus_Event_Details,102252.9623,102294.6599,0,1,41.69759999999951
P2,SWA_Stimulus,SWA_Stimulus_Available_Journalists,102302.975,102311.2905,0,1,8.315499999996973
P2,SWA_Stimulus,SWA_Stimulus_Event_Details,102327.978,102394.632,0,1,66.653999999995
P2,SWA_Stimulus,SWA_Stimulus_Available_Journalists,102402.9819,102427.965,0,1,24.98309999999765
P2,SWA_Stimulus,SWA_Stimulus_Event_Details,102436.3054,103411.2199,1,10,974.914499999999
P2,SWA_Stimulus,SWA_Stimulus_Navigation_2,104269.4627,104344.4557,1,0,74.99300000000221
P2,SWA_Stimulus,SWA_Stimulus_EventInfo_2,104886.0359,106469.1984,5,18,1583.1624999999913
P2,SWA_Stimulus,SWA_Stimulus_Navigation_2,106560.8367,107244.1304,2,2,683.2936999999947
P2,SWA_Stimulus,SWA_Stimulus_EventInfo_2,107244.1304,107510.7305,1,0,266.60010000001057
P2,SWA_Stimulus,SWA_Stimulus_EventInfo_2,107702.3662,107835.6839,0,2,133.3176999999996
P2,SWA_Stimulus,SWA_Stimulus_EventInfo_2,107919.0225,107985.6834,1,0,66.66089999998803
P2,SWA_Stimulus,SWA_Stimulus_Journalist_List5,108318.9661,108410.6804,0,2,91.71429999999236
P2,SWA_Stimulus,SWA_Stimulus_Journalist_List5,108543.9569,108827.2673,1,2,283.3104000000021
P2,SWA_Stimulus,SWA_Stimulus_EventInfo_3,109010.5522,109535.5052,0,5,524.9529999999941
P2,SWA_Stimulus,SWA_Stimulus_Journalist_List5,109618.8466,109893.7952,1,1,274.9485999999888
P2,SWA_Stimulus,SWA_Stimulus_Journalist_List5,110068.7709,110093.7787,0,1,25.00779999999213
P2,SWA_Stimulus,SWA_Stimulus_Journalist_List4,110343.7531,110518.7961,0,2,175.04300000000512
P2,SWA_Stimulus,SWA_Stimulus_Status_invited1,110602.0459,110618.7089,0,1,16.663000000000466
P2,SWA_Stimulus,SWA_Stimulus_Journalist_List4,110727.0329,111251.986,2,3,524.9530999999988
P2,SWA_Stimulus,SWA_Stimulus_Status_invited1,111360.3361,111551.9526,0,3,191.61650000000373
P2,SWA_Stimulus,SWA_Stimulus_Journalist_List4,111935.2584,111943.6045,0,1,8.346099999995204
P2,SWA_Stimulus,SWA_Stimulus_Status_invited1,111951.9093,112018.5525,0,2,66.64320000000589
P2,SWA_Stimulus,SWA_Stimulus_Journalist_List_1,112160.2239,112210.2144,0,1,49.990499999999884
P2,SWA_Stimulus,SWA_Stimulus_Journalist_List_1,112251.861,112318.5266,0,2,66.66559999999299
P2,SWA_Stimulus,SWA_Stimulus_Status_Published1,112318.5266,112651.8257,1,0,333.2991000000038
P2,SWA_Stimulus,SWA_Stimulus_Status_invited1,113093.4762,113193.4484,0,2,99.97219999998924
P2,SWA_Stimulus,SWA_Stimulus_Status_invited1,113843.3595,114118.3213,0,3,274.96179999999003
P2,SWA_Stimulus,SWA_Stimulus_Journalist_List5,114601.6359,114743.2918,0,1,141.65590000001248
P2,SWA_Stimulus,SWA_Stimulus_Status_Published_5,115109.8973,115309.8623,1,5,199.9649999999965
P2,SWA_Stimulus,SWA_Stimulus_Status_Published_5,115676.4981,116059.8112,1,4,383.3130999999994
P2,SWA_Stimulus,SWA_Stimulus_Status_Published_4,116934.6865,116943.0537,0,1,8.36720000000787
P2,SWA_Stimulus,SWA_Stimulus_Journalist_List5,117118.0139,117401.2965,1,3,283.28259999999136
P2,SWA_Stimulus,SWA_Stimulus_Journalist_List5,117526.2812,117642.9702,0,2,116.68899999999849
P2,SWA_Stimulus,SWA_Stimulus_Status_Published_4,117984.5672,117992.9004,0,1,8.333199999993667
P2,SWA_Stimulus,SWA_Stimulus_Journalist_List5,118192.9151,118592.8285,0,3,399.9134000000049
P2,SWA_Stimulus,SWA_Stimulus_Journalist_List_2,119442.7354,119626.0786,1,1,183.34319999998843
P2,SWA_Stimulus,SWA_Stimulus_EventInfo_1,119634.4082,119659.4136,0,1,25.00539999999455
P2,SWA_Stimulus,SWA_Stimulus_Status_Published2,119809.3782,119817.7041,0,1,8.325899999996182
P2,SWA_Stimulus,SWA_Stimulus_Status_Published2,119901.0314,119909.347,0,1,8.315599999987171
P2,SWA_Stimulus,SWA_Stimulus_Status_Published1,120134.3409,120142.6885,0,1,8.347600000008242
P2,SWA_Stimulus,SWA_Stimulus_Status_Published1,120192.6476,121292.5302,2,6,1099.8825999999972
P2,SWA_Stimulus,SWA_Stimulus_Status_Published3,121425.8622,121509.1658,0,2,83.30359999999928
P2,SWA_Stimulus,SWA_Stimulus_Status_Published3,121575.8451,121717.5108,1,1,141.66569999999774
P2,SWA_Stimulus,SWA_Stimulus_Journalist_List_3,121742.5182,121909.1482,1,1,166.6299999999901
P2,SWA_Stimulus,SWA_Stimulus_Status_Published3,121909.1482,121959.1177,0,1,49.96950000000652
P2,SWA_Stimulus,SWA_Stimulus_Status_Published3,122084.1772,122867.3619,3,5,783.184699999998
P2,SWA_Stimulus,SWA_Stimulus_Add_1,122917.3477,123175.6869,1,0,258.33920000000217
P2,SWA_Stimulus,SWA_Stimulus_EventInfo_1,123175.6869,123442.3352,0,4,266.64830000000075
P2,SWA_Stimulus,SWA_Stimulus_Journalist_List_2,123442.3352,123558.9871,1,0,116.65189999999711
P2,SWA_Stimulus,SWA_Stimulus_Status_Published1,123700.6136,124350.5326,2,6,649.919000000009
P2,SWA_Stimulus,SWA_Stimulus_Status_Published2,124458.8813,124617.206,1,1,158.32470000001194
P2,SWA_Stimulus,SWA_Stimulus_Journalist_List_2,124625.5299,124767.1584,1,2,141.62850000000617
P2,SWA_Stimulus,SWA_Stimulus_Status_invited1,125792.0462,126275.3226,1,0,483.27640000000247
P2,SWA_Stimulus,SWA_Stimulus_Status_Published_6,126550.2826,126616.9388,0,2,66.65619999999763
P2,SWA_Stimulus,SWA_Stimulus_Status_Published_6,126791.9226,126808.6295,0,1,16.706899999990128
P2,SWA_Stimulus,SWA_Stimulus_Status_Published_6,127091.9004,127133.5525,0,2,41.65210000000661
P2,SWA_Stimulus,SWA_Stimulus_Status_Published3,128475.1278,128483.5127,0,1,8.384900000004563
P2,SWA_Stimulus,SWA_Stimulus_Status_Published3,128516.7535,128583.3952,0,1,66.64169999999285
P2,SWA_Stimulus,SWA_Stimulus_EventInfo_1,128608.3905,128616.7217,0,1,8.331200000000536
P2,SWA_Stimulus,SWA_Stimulus_EventInfo_1,128700.0995,128825.0344,1,1,124.93490000000747
P2,SWA_Stimulus,SWA_Stimulus_Journalist_List_3,129025.0459,129291.6556,1,1,266.6097000000009
P2,SWA_Stimulus,SWA_Stimulus_Navigation_2,129449.9821,129466.6331,0,1,16.651000000012573
P2,SWA_Stimulus,SWA_Stimulus_Navigation_2,129524.992,129858.2864,2,1,333.29439999999886
P2,SWA_Stimulus,SWA_Stimulus_Status_Request2,129941.6169,130066.5795,1,1,124.96260000001348
P2,SWA_Stimulus,SWA_Stimulus_EventInfo_2,130166.5521,130524.8726,1,5,358.32050000000163
P2,SWA_Stimulus,SWA_Stimulus_Status_Published_4,131383.1169,131774.7315,2,1,391.6146000000008
P2,SWA_Stimulus,SWA_Stimulus_Journalist_List_6,132524.6573,132807.947,0,3,283.2896999999939
P2,SWA_Stimulus,SWA_Stimulus_Status_Published_4,133116.3198,133407.8712,1,1,291.55139999999665
P2,SWA_Stimulus,SWA_Stimulus_Journalist_List5,133416.234,133582.9028,0,2,166.66880000001402
P2,SWA_Stimulus,SWA_Stimulus_Status_Published_4,133874.5102,134216.1761,0,3,341.6659000000218
P2,SWA_Stimulus,SWA_Stimulus_Status_Published_4,134374.4467,134416.1092,0,1,41.66250000000582
P2,SWA_Stimulus,SWA_Stimulus_Journalist_List_6,134691.0975,134866.0603,0,1,174.96280000000843
P2,SWA_Stimulus,SWA_Stimulus_Journalist_List_6,135024.3591,135107.6836,1,0,83.32449999998789
P2,SWA_Stimulus,SWA_Stimulus_Journalist_List5,135674.2939,135824.2881,1,1,149.99420000001555
P2,SWA_Stimulus,SWA_Stimulus_Status_Published1,136482.55,136782.5139,1,1,299.96390000000247
P2,SWA_Stimulus,SWA_Stimulus_Journalist_List_1,136790.8291,136899.1628,1,1,108.33369999998831
P2,SWA_Stimulus,SWA_Stimulus_Status_Published1,136924.1826,137265.7944,2,1,341.6118000000133
P2,SWA_Stimulus,SWA_Stimulus_Status_Published2,137524.1013,137607.4193,1,0,83.3179999999993
P2,SWA_Stimulus,SWA_Stimulus_Status_Published3,137699.0948,137832.4083,1,1,133.3135000000184
P2,SWA_Stimulus,SWA_Stimulus_Journalist_List_6,138357.3651,138432.3335,1,0,74.96840000001248
P2,SWA_Stimulus,SWA_Stimulus_Journalist_List_6,138532.3289,138607.3171,0,1,74.9881999999925
P2,SWA_Stimulus,SWA_Stimulus_Status_Published_5,138607.3171,139165.5889,1,0,558.2718000000168
P2,SWA_Stimulus,SWA_Stimulus_Journalist_List_6,139398.8786,139532.2134,1,1,133.33480000001146
P2,SWA_Stimulus,SWA_Stimulus_Journalist_List4,139657.2041,139782.1857,0,4,124.98159999999916
P2,SWA_Stimulus,SWA_Stimulus_Status_invited1,139865.5079,140057.1624,1,1,191.6545000000042
P2,SWA_Stimulus,SWA_Stimulus_Status_invited1,140665.414,140998.7084,1,0,333.2944000000134
P2,SWA_Stimulus,SWA_Stimulus_Status_Published_4,141523.7107,141915.2753,1,4,391.56460000001243
P2,SWA_Stimulus,SWA_Stimulus_Journalist_List5,141923.6086,142240.2401,1,4,316.6314999999886
P2,SWA_Stimulus,SWA_Stimulus_Status_Published_4,142273.582,142598.5489,0,3,324.96689999999944
P2,SWA_Stimulus,SWA_Stimulus_Journalist_List5,142831.873,142923.5264,0,1,91.65340000001015
P2,SWA_Stimulus,SWA_Stimulus_Status_Published_4,143315.1371,143323.4875,0,1,8.350399999995716
P2,SWA_Stimulus,SWA_Stimulus_Journalist_List_6,143531.7812,143565.112,0,2,33.33079999999609
P2,SWA_Stimulus,SWA_Stimulus_Status_Published_5,143565.112,143648.4235,1,0,83.31150000001071
P2,SWA_Stimulus,SWA_Stimulus_Journalist_List_6,143756.7727,143823.4479,0,2,66.67519999999786
P2,SWA_Stimulus,SWA_Stimulus_Journalist_List_6,143848.4272,143915.0886,1,0,66.66139999998268
P2,SWA_Stimulus,SWA_Stimulus_Navigation_2,144548.3231,144806.6264,2,3,258.3032999999996
P2,SWA_Stimulus,SWA_Stimulus_Navigation_2,145123.3013,145339.9113,1,2,216.61000000001513
P2,SWA_Stimulus,SWA_Stimulus_Navigation_1,146456.4644,146598.0967,1,0,141.63229999999749
P2,SWA_Stimulus,SWA_Stimulus_Status_Published1,147489.6626,147564.6548,0,2,74.99219999997877
P2,SWA_Stimulus,SWA_Stimulus_Journalist_List_2,147814.6264,147947.9526,1,0,133.32619999998133
P2,SWA_Stimulus,SWA_Stimulus_Navigation_2,148122.9268,148456.2365,1,4,333.3097000000125
P2,SWA_Stimulus,SWA_Stimulus_EventInfo_3,149264.4639,149422.8248,1,1,158.36089999999967
P2,SWA_Stimulus,SWA_Stimulus_EventInfo_2,151005.9783,151030.9493,0,1,24.971000000019558
P2,SWA_Stimulus,SWA_Stimulus_Status_invited1,151472.5598,151597.5558,0,3,124.99600000001374
P2,SWA_Stimulus,SWA_Stimulus_Status_invited1,151639.203,151897.5463,1,0,258.3432999999786
P2,SWA_Stimulus,SWA_Stimulus_Event_Details,152239.175,153289.0253,3,13,1049.85030000002
P2,SWA_Stimulus,SWA_Stimulus_EventInfo_1,153439.0087,153647.3374,1,0,208.32869999998366
P2,SWA_Stimulus,SWA_Stimulus_Journalist_List_1,153730.6717,154113.9533,1,0,383.2815999999875
P2,SWA_Stimulus,SWA_Stimulus_Status_Published3,154180.6072,154280.5805,1,1,99.97330000001239
P2,SWA_Stimulus,SWA_Stimulus_EventInfo_1,154322.2558,154438.9133,1,2,116.65749999997206
P2,SWA_Stimulus,SWA_Stimulus_EventInfo_1,154538.8855,154738.8663,0,2,199.98079999999027
P2,SWA_Stimulus,SWA_Stimulus_Journalist_List_2,154738.8663,154963.8626,1,1,224.99629999999888
P2,SWA_Stimulus,SWA_Stimulus_Journalist_List_1,155072.1695,155088.8435,0,1,16.67399999999907
P2,SWA_Stimulus,SWA_Stimulus_Status_invited1,156247.0495,156355.3639,1,2,108.31440000000293
P2,SWA_Stimulus,SWA_Stimulus_Journalist_List4,156472.0408,156480.3547,0,1,8.313900000008289
P2,SWA_Stimulus2,SWA_Stimulus2_Published_Report_1,156605.3414,156788.6656,1,0,183.32420000000275
P2,SWA_Stimulus2,SWA_Stimulus2_Published_Report_1,156896.9773,157238.6252,1,2,341.64790000001085
P2,SWA_Stimulus2,SWA_Stimulus2_Question,157396.9634,157555.2398,1,1,158.27640000000247
P2,SWA_Stimulus2,SWA_Stimulus2_Question,157696.8835,158130.1821,2,1,433.2986000000092
P2,SWA_Stimulus2,SWA_Stimulus2_Question,158896.7344,159088.4058,0,4,191.6714000000211
P2,SWA_Stimulus2,SWA_Stimulus2_Navigation_1,159246.6907,159363.3421,0,2,116.65140000000247
P2,SWA_Stimulus2,SWA_Stimulus2_Navigation_1,159446.6949,159471.7186,0,1,25.02369999999064
P2,SWA_Stimulus2,SWA_Stimulus2_Question,159596.6728,160104.9231,3,2,508.25030000001425
P2,SWA_Stimulus2,SWA_Stimulus2_Question_Task2,160296.6032,163237.9131,2,29,2941.309899999993
P2,SWA_Stimulus2,SWA_Stimulus2_Question_Task2,163429.5677,164387.7691,0,8,958.2013999999908
P2,SWA_Stimulus2,SWA_Stimulus2_Question_Task2,164421.1293,164829.3867,2,4,408.25740000000224
P2,SWA_Stimulus2,SWA_Stimulus2_Question_Task2,164887.7256,164996.0431,0,3,108.31750000000466
P2,SWA_Stimulus2,SWA_Stimulus2_Question_Task2,165112.691,166170.9426,0,5,1058.2516000000178
P2,SWA_Stimulus2,SWA_Stimulus2_Question,166337.5622,166729.1776,1,6,391.6154000000097
P2,SWA_Stimulus2,SWA_Stimulus2_Navigation_1,166729.1776,166887.504,0,3,158.32639999999083
P2,SWA_Stimulus2,SWA_Stimulus2_Navigation_1,166987.4794,167037.4752,0,2,49.995799999975134
P2,SWA_Stimulus2,SWA_Stimulus2_Question,167370.7703,173611.7485,19,23,6240.978199999983
P2,SWA_Stimulus2,SWA_Stimulus2_Question,173628.419,174036.7437,1,0,408.3246999999974
P2,SWA_Stimulus2,SWA_Stimulus2_Question_Control,174036.7437,174061.6963,0,2,24.95260000001872
P2,SWA_Stimulus2,SWA_Stimulus2_Question,174203.3485,174220.0317,0,1,16.683199999999488
P2,SWA_Stimulus2,SWA_Stimulus2_Question_Control,174220.0317,174386.7073,1,0,166.67560000001686
P2,SWA_Stimulus2,SWA_Stimulus2_Question_Control,174494.9974,174520.0245,0,1,25.027100000006612
P2,SWA_Stimulus2,SWA_Stimulus2_Question,174520.0245,175036.612,1,1,516.5874999999942
P2,SWA_Stimulus2,SWA_Stimulus2_Question_Control,175378.2603,176711.4366,1,0,1333.176299999992
P2,SWA_Stimulus2,SWA_Stimulus2_Question,176711.4366,177103.0266,1,2,391.5900000000256
P2,SWA_Stimulus2,SWA_Stimulus2_Question_Control,177286.405,177311.3847,0,1,24.979699999996228
P2,SWA_Stimulus2,SWA_Stimulus2_Question_Control,177344.6668,177694.6283,1,1,349.9615000000049
P2,SWA_Stimulus2,SWA_Stimulus2_Question,179369.4845,179727.7366,2,1,358.25210000001243
P2,SWA_Stimulus2,SWA_Stimulus2_Submission,179811.084,179936.0772,1,0,124.99319999999716
P2,SWA_Stimulus2,SWA_Stimulus2_Navigation_2,180302.6854,180419.3429,1,1,116.65750000000116
P2,SWA_Stimulus2,SWA_Stimulus2_Submission,180527.6712,181702.5305,5,9,1174.8592999999819
P2,SWA_Stimulus2,SWA_Stimulus2_View button,181702.5305,181727.5184,0,1,24.987900000007357
P2,SWA_Stimulus2,SWA_Stimulus2_View button,181810.8663,182077.4806,1,1,266.61430000001565
P2,SWA_Stimulus2,SWA_Stimulus2_Submission,182094.1531,182752.4046,3,4,658.251500000013
P2,SWA_Stimulus2,SWA_Stimulus2_Submission,183044.0416,183285.6788,1,1,241.6371999999974
P2,SWA_Stimulus2,SWA_Stimulus2_Submission,183344.0161,183677.3227,2,1,333.3065999999817
P2,SWA_Stimulus2,SWA_Stimulus2_Submission_information,183910.642,183918.9961,0,1,8.354099999996834
P2,SWA_Stimulus2,SWA_Stimulus2_Navigation_3,184093.951,184810.5068,3,3,716.5558000000019
P2,SWA_Stimulus2,SWA_Stimulus2_Navigation_3,184943.8429,185935.412,2,3,991.5691000000224
P2,SWA_Stimulus2,SWA_Stimulus2_EventInfo,185935.412,187268.6056,5,16,1333.1935999999987
P2,SWA_Stimulus2,SWA_Stimulus2_Submission_information,187443.5633,187510.2383,0,2,66.67499999998836
P2,SWA_Stimulus2,SWA_Stimulus2_EventInfo,187543.537,187551.8887,0,1,8.351699999999255
P2,SWA_Stimulus2,SWA_Stimulus2_EventInfo,187643.5272,187651.8749,0,1,8.347699999983888
P2,SWA_Stimulus2,SWA_Stimulus2_Submission_information,187901.8423,188035.1852,0,1,133.34290000001783
P2,SWA_Stimulus2,SWA_Stimulus2_Question_Editor,188118.505,188343.4586,1,2,224.953600000008
P2,SWA_Stimulus2,SWA_Stimulus2_Current_Selection,188443.4363,188510.0984,0,1,66.66209999998682
P2,SWA_Stimulus2,SWA_Stimulus2_Published_Report_1,188543.4236,188576.7724,0,2,33.34879999997793
P2,SWA_Stimulus2,SWA_Stimulus2_Published_Report_1,188968.3815,189160.04,0,2,191.65850000001956
P2,SWA_Stimulus2,SWA_Stimulus2_Published_Report_1,189301.6753,189493.3203,1,1,191.64499999998952
P2,SWA_Stimulus2,SWA_Stimulus2_Current_Selection,189543.339,189560.0816,0,1,16.742599999997765
P2,SWA_Stimulus2,SWA_Stimulus2_Published_Report_1,189568.4277,189593.3396,0,1,24.911900000006426
P2,SWA_Stimulus2,SWA_Stimulus2_Question_Editor,189601.6546,192134.7158,3,25,2533.0611999999965
P2,SWA_Stimulus2,SWA_Stimulus2_Question_Task2,192151.3598,194742.7559,2,29,2591.3960999999836
P2,SWA_Stimulus2,SWA_Stimulus2_Question_Task2,194851.0922,196259.254,1,15,1408.1617999999726
P2,SWA_Stimulus2,SWA_Stimulus2_Question_Editor,196800.8454,197459.146,1,6,658.3006000000169
P2,SWA_Stimulus2,SWA_Stimulus2_Question_Editor,198075.7479,198259.0539,1,1,183.3060000000114
P2,SWA_Stimulus2,SWA_Stimulus2_Submission_information,198950.6562,199058.9535,1,2,108.29730000000563
P2,SWA_Stimulus2,SWA_Stimulus2_Question_Editor,199067.2789,199450.5814,1,5,383.3024999999907
P2,SWA_Stimulus2,SWA_Stimulus2_Help_button,199467.2483,199475.5837,0,1,8.335399999981746
P2,SWA_Stimulus2,SWA_Stimulus2_Question_Editor,199650.6125,199775.5886,1,1,124.97609999999986
P2,SWA_Stimulus2,SWA_Stimulus2_Help_button,200283.8224,200300.5179,0,1,16.69550000000163
P2,SWA_Stimulus2,SWA_Stimulus2_Help_button,200883.761,200917.0948,0,1,33.33379999999306
P2,SWA_Stimulus2,SWA_Stimulus2_Help_button,201767.0196,201842.0049,1,0,74.98530000000028
P2,SWA_Stimulus2,SWA_Stimulus2_Edit_button,202066.9752,202092.0223,0,1,25.04710000002524
P2,SWA_Stimulus2,SWA_Stimulus2_Help_button,204350.093,204366.7608,0,1,16.667799999995623
P2,SWA_Stimulus2,SWA_Stimulus2_EventInfo,205083.3483,205341.6566,1,2,258.30829999997513
P2,SWA_Stimulus2,SWA_Stimulus2_Navigation_3,205341.6566,205541.6015,1,0,199.94490000000224
P2,SWA_Stimulus2,SWA_Stimulus2_Question_Control,205683.264,205774.919,1,1,91.65499999999884
P2,SWA_Stimulus2,SWA_Stimulus2_Question,206424.8359,206924.8133,3,3,499.9774000000034
P2,SWA_Stimulus2,SWA_Stimulus2_Submission,207249.7747,207574.7089,2,2,324.9341999999888
P2,SWA_Stimulus2,SWA_Stimulus2_View button,207641.367,207924.6717,1,5,283.30470000000787
P2,SWA_Stimulus2,SWA_Stimulus2_Submission,208066.3568,208074.6865,0,1,8.329700000002049
P2,SWA_Stimulus2,SWA_Stimulus2_View button,208207.9718,208424.6485,1,2,216.6767000000109
P2,SWA_Stimulus2,SWA_Stimulus2_Submission,208432.9986,208841.2383,2,4,408.23970000000554
P2,SWA_Stimulus2,SWA_Stimulus2_View button,208841.2383,210382.7828,5,5,1541.544499999989
P2,SWA_Stimulus2,SWA_Stimulus2_View button,210549.4302,212690.8222,5,7,2141.3919999999925
P2,SWA_Stimulus2,SWA_Stimulus2_Submission,212690.8222,213049.1753,1,0,358.35310000000754
P2,SWA_Stimulus2,SWA_Stimulus2_View button,213065.822,213307.4524,1,0,241.63040000002366
P2,SWA_Stimulus2,SWA_Stimulus2_Question_Editor,213407.4103,213740.7276,0,1,333.31730000002426
P2,SWA_Stimulus2,SWA_Stimulus2_Submission_information,213749.0709,213807.3915,0,1,58.32060000000638
P2,SWA_Stimulus2,SWA_Stimulus2_Question_Editor,213990.6944,214432.2932,1,4,441.5987999999779
P2,SWA_Stimulus2,SWA_Stimulus2_Current_Selection,214432.2932,214932.253,2,2,499.95980000001146
P2,SWA_Stimulus2,SWA_Stimulus2_EventInfo,214932.253,216323.7985,5,8,1391.5455000000075
P2,SWA_Stimulus2,SWA_Stimulus2_Submission_information,216565.3947,216582.0756,0,1,16.68090000000666
P2,SWA_Stimulus2,SWA_Stimulus2_Current_Selection,216773.7519,216857.0534,0,2,83.3015000000014
P2,SWA_Stimulus2,SWA_Stimulus2_Published_Report_1,216907.0343,217265.3397,1,1,358.305400000012
P2,SWA_Stimulus2,SWA_Stimulus2_Current_Selection,217273.6601,217298.6478,0,1,24.987699999997858
P2,SWA_Stimulus2,SWA_Stimulus2_Navigation_3,217615.3078,217831.9325,1,1,216.62469999998575
P2,SWA_Stimulus2,SWA_Stimulus2_EventInfo,217831.9325,218290.2086,2,3,458.2761000000173
P2,SWA_Stimulus2,SWA_Stimulus2_Question_Editor,218290.2086,219865.0412,3,16,1574.8325999999943
P2,SWA_Stimulus2,SWA_Stimulus2_Question_Editor,219931.727,220506.6645,1,3,574.9375
P2,SWA_Stimulus2,SWA_Stimulus2_Submission_information,220523.3501,220598.3208,0,3,74.9706999999762
P2,SWA_Stimulus2,SWA_Stimulus2_Question_Editor,220665.014,221331.5692,1,13,666.5552000000025
P2,SWA_Stimulus2,SWA_Stimulus2_Help_button,221923.175,221931.5246,0,1,8.349600000015926
P2,SWA_Stimulus2,SWA_Stimulus2_Question_Editor,221939.8562,221956.5151,0,1,16.65889999998035
P2,SWA_Stimulus2,SWA_Stimulus2_Question_Editor,222106.4708,222273.1191,1,2,166.64830000000075
P2,SWA_Stimulus2,SWA_Stimulus2_Help_button,222281.4511,222689.747,1,1,408.29589999999735
P2,SWA_Stimulus2,SWA_Stimulus2_Question_Editor,222689.747,222714.7857,0,1,25.03870000000461
P2,SWA_Stimulus2,SWA_Stimulus2_Help_button,222823.0867,222831.407,0,1,8.32029999999213
P2,SWA_Stimulus2,SWA_Stimulus2_Question_Editor,222898.0665,231680.4745,11,85,8782.408000000025
P2,SWA_Stimulus2,SWA_Stimulus2_Navigation_3,231797.0943,232105.3838,2,2,308.2895000000135
P2,SWA_Stimulus2,SWA_Stimulus2_Question_Editor,232205.3679,232522.0026,0,2,316.63469999999506
P2,SWA_Stimulus2,SWA_Stimulus2_Question_Editor,232980.2848,233355.2993,1,2,375.0145000000193
P2,SWA_Stimulus2,SWA_Stimulus2_Submission_information,233355.2993,233530.225,1,1,174.9256999999925
P2,SWA_Stimulus2,SWA_Stimulus2_EventInfo,233596.9269,233880.2194,1,1,283.2925000000105
P2,SWA_Stimulus2,SWA_Stimulus2_Question_Editor,233896.881,236296.6063,5,17,2399.72530000002
P2,SWA_Stimulus2,SWA_Stimulus2_Published_Report_1,236304.9223,236479.9361,1,2,175.01379999998608
P2,SWA_Stimulus2,SWA_Stimulus2_Published_Report_1,236546.5786,236563.2295,0,1,16.65089999997872
P2,SWA_Stimulus2,SWA_Stimulus2_Question_Editor,236588.2508,236721.5442,0,1,133.29339999999502
P2,SWA_Stimulus2,SWA_Stimulus2_Question_Editor,236771.5503,236788.2277,0,1,16.677399999985937
P2,SWA_Stimulus2,SWA_Stimulus2_View button,237404.8352,237413.1787,0,1,8.343499999988126
P2,SWA_Stimulus2,SWA_Stimulus2_Submission,237413.1787,237596.4702,1,1,183.2915000000212
P2,SWA_Stimulus2,SWA_Stimulus2_Submission,237913.1299,238038.0801,0,3,124.95019999999204
P2,SWA_Stimulus2,SWA_Stimulus2_Submission,238113.0721,238196.4131,0,2,83.3410000000149
P2,SWA_Stimulus2,SWA_Stimulus2_View button,238221.4105,238246.4106,0,1,25.00010000000475
P3,SWA_Stimulus,SWA_Stimulus_Navigation_1,2376.682,2393.3454,0,1,16.663400000000365
P3,SWA_Stimulus,SWA_Stimulus_EventInfo_1,2568.3272,2934.9903,2,2,366.66309999999976
P3,SWA_Stimulus,SWA_Stimulus_Add_1,3801.552,3984.8479,1,0,183.29590000000007
P3,SWA_Stimulus,SWA_Stimulus_EventInfo_1,4184.8502,4318.1555,1,0,133.3053
P3,SWA_Stimulus,SWA_Stimulus_Navigation_1,4559.778,4926.4408,1,0,366.66280000000006
P3,SWA_Stimulus,SWA_Stimulus_EventInfo_2,5409.7004,5792.9909,1,0,383.29050000000007
P3,SWA_Stimulus,SWA_Stimulus_EventInfo_1,6826.1974,7326.2022,2,4,500.0047999999997
P3,SWA_Stimulus,SWA_Stimulus_Journalist_List_1,7359.5264,7976.1078,2,4,616.5814
P3,SWA_Stimulus,SWA_Stimulus_EventInfo_1,7984.4407,8159.4221,1,2,174.98139999999967
P3,SWA_Stimulus,SWA_Stimulus_Add_1,8159.4221,8384.3704,1,0,224.94830000000002
P3,SWA_Stimulus,SWA_Stimulus_Navigation_2,8867.7,9059.3258,1,0,191.6257999999998
P3,SWA_Stimulus,SWA_Stimulus_Add_2,9367.5836,9375.9198,0,1,8.336199999999735
P3,SWA_Stimulus,SWA_Stimulus_Add_2,9409.2503,9492.5903,1,0,83.34000000000015
P3,SWA_Stimulus,SWA_Stimulus_Question_Task1,9775.8992,10892.4163,6,10,1116.517100000001
P3,SWA_Stimulus,SWA_Stimulus_Status_Published2,11017.4673,11025.784,0,1,8.3166999999994
P3,SWA_Stimulus,SWA_Stimulus_Status_Published2,11159.0523,11184.0516,0,1,24.999300000001313
P3,SWA_Stimulus,SWA_Stimulus_Journalist_List_2,11184.0516,11334.0873,1,0,150.03569999999854
P3,SWA_Stimulus,SWA_Stimulus_Navigation_1,11625.7229,11725.6701,1,0,99.9471999999987
P3,SWA_Stimulus,SWA_Stimulus_EventInfo_1,11883.9859,12050.6238,1,2,166.63789999999972
P3,SWA_Stimulus,SWA_Stimulus_Status Request1,12084.0066,12467.2671,1,0,383.2604999999985
P3,SWA_Stimulus,SWA_Stimulus_EventInfo_2,12550.5755,12950.5234,2,3,399.9478999999992
P3,SWA_Stimulus,SWA_Stimulus_Add_2,13017.2073,13225.5107,1,0,208.3034000000007
P3,SWA_Stimulus,SWA_Stimulus_EventInfo_1,15141.9736,15483.5971,1,1,341.6235000000015
P3,SWA_Stimulus,SWA_Stimulus_Status Request1,15525.2464,15650.2288,1,0,124.98240000000078
P3,SWA_Stimulus,SWA_Stimulus_EventInfo_1,15650.2288,15675.2745,0,2,25.04569999999876
P3,SWA_Stimulus,SWA_Stimulus_Status Request1,15675.2745,15783.5691,1,0,108.29460000000108
P3,SWA_Stimulus,SWA_Stimulus_Journalist_List_1,15783.5691,16000.1942,1,2,216.6250999999993
P3,SWA_Stimulus,SWA_Stimulus_EventInfo_1,16033.5365,16258.4918,1,0,224.95529999999962
P3,SWA_Stimulus,SWA_Stimulus_Journalist_List_1,16283.548,16366.8358,1,0,83.28780000000006
P3,SWA_Stimulus,SWA_Stimulus_EventInfo_1,16375.1617,16525.1485,1,0,149.98679999999877
P3,SWA_Stimulus,SWA_Stimulus_Journalist_List_1,16558.4811,16808.4506,1,0,249.96949999999924
P3,SWA_Stimulus,SWA_Stimulus_EventInfo_1,16825.1164,17083.4215,1,1,258.3051000000014
P3,SWA_Stimulus,SWA_Stimulus_EventInfo_1,17358.3847,17683.3533,1,2,324.96860000000015
P3,SWA_Stimulus,SWA_Stimulus_Navigation_1,17683.3533,18349.933,2,2,666.579700000002
P3,SWA_Stimulus,SWA_Stimulus_Navigation_1,18408.2605,18866.5703,1,1,458.3097999999991
P3,SWA_Stimulus,SWA_Stimulus_EventInfo_1,18866.5703,22949.4628,13,22,4082.8925000000017
P3,SWA_Stimulus,SWA_Stimulus_Journalist_List_2,22949.4628,23432.7493,1,0,483.28649999999834
P3,SWA_Stimulus,SWA_Stimulus_EventInfo_1,23516.0698,23674.4011,1,1,158.331299999998
P3,SWA_Stimulus,SWA_Stimulus_EventInfo_1,23707.7233,27140.6645,9,9,3432.9411999999975
P3,SWA_Stimulus,SWA_Stimulus_Event_Details,28632.179,29015.4629,1,0,383.28389999999854
P3,SWA_Stimulus,SWA_Stimulus_EventInfo_1,31231.887,31915.1565,1,0,683.2695000000022
P3,SWA_Stimulus,SWA_Stimulus_Question_Task1,32781.721,33098.38,1,5,316.65899999999965
P3,SWA_Stimulus,SWA_Stimulus_Question_Task1,33140.0094,33206.6555,0,1,66.64609999999811
P3,SWA_Stimulus,SWA_Stimulus_Question_Task1,33240.0156,35206.4324,9,14,1966.416799999999
P3,SWA_Stimulus,SWA_Stimulus_EventInfo_1,35331.455,35989.679,3,3,658.2239999999947
P3,SWA_Stimulus,SWA_Stimulus_EventInfo_2,36031.3372,36756.2581,2,3,724.9208999999973
P3,SWA_Stimulus,SWA_Stimulus_EventInfo_3,36947.9036,37247.8738,1,6,299.9702000000034
P3,SWA_Stimulus,SWA_Stimulus_Event_Details,38106.1228,38247.7794,1,2,141.65660000000207
P3,SWA_Stimulus,SWA_Stimulus_Event_Details,39097.6868,39247.6682,0,2,149.98139999999694
P3,SWA_Stimulus,SWA_Stimulus_Event_Details,39272.6527,39580.9481,1,0,308.2954000000027
P3,SWA_Stimulus,SWA_Stimulus_Add_1,40080.9252,40330.8924,1,1,249.96719999999914
P3,SWA_Stimulus,SWA_Stimulus_EventInfo_1,40830.8155,41822.4382,3,8,991.6226999999999
P3,SWA_Stimulus,SWA_Stimulus_EventInfo_1,42172.356,42280.6655,1,2,108.30950000000303
P3,SWA_Stimulus,SWA_Stimulus_Journalist_List_1,42347.362,42947.2615,2,2,599.8994999999995
P3,SWA_Stimulus,SWA_Stimulus_EventInfo_1,42963.9325,43297.229,1,2,333.29649999999674
P3,SWA_Stimulus,SWA_Stimulus_Event_Details,44797.0398,44913.6941,0,3,116.65430000000197
P3,SWA_Stimulus,SWA_Stimulus_Event_Details,45005.3813,45105.3409,1,1,99.95960000000196
P3,SWA_Stimulus,SWA_Stimulus_Event_Details,45305.3271,45730.2732,2,2,424.946100000001
P3,SWA_Stimulus,SWA_Stimulus_EventInfo_1,47596.7657,47971.7249,1,4,374.9591999999975
P3,SWA_Stimulus,SWA_Stimulus_Status Request1,47971.7249,48479.9869,1,0,508.26200000000244
P3,SWA_Stimulus,SWA_Stimulus_Journalist_List_1,48538.298,48679.9634,1,1,141.66539999999804
P3,SWA_Stimulus,SWA_Stimulus_Event_Details,52362.8697,52779.4909,1,4,416.62119999999413
P3,SWA_Stimulus,SWA_Stimulus_EventInfo_2,53304.431,53471.0923,1,1,166.66129999999976
P3,SWA_Stimulus,SWA_Stimulus_EventInfo_2,53854.3819,54004.3736,1,1,149.99169999999867
P3,SWA_Stimulus,SWA_Stimulus_EventInfo_3,54004.3736,54445.9878,2,3,441.6142000000036
P3,SWA_Stimulus,SWA_Stimulus_Event_Details,55012.5945,55545.8507,3,4,533.2562000000034
P3,SWA_Stimulus,SWA_Stimulus_EventInfo_1,55645.8666,56229.1209,2,2,583.2543000000005
P3,SWA_Stimulus,SWA_Stimulus_Navigation_1,57695.6275,58020.5814,1,0,324.95390000000043
P3,SWA_Stimulus,SWA_Stimulus_EventInfo_1,58103.9038,58253.9031,0,3,149.99930000000313
P3,SWA_Stimulus,SWA_Stimulus_Status Request1,58387.2372,58403.9046,0,1,16.66739999999845
P3,SWA_Stimulus,SWA_Stimulus_EventInfo_1,58462.1983,58495.5592,0,1,33.36090000000695
P3,SWA_Stimulus,SWA_Stimulus_Add_1,58612.2154,58753.8372,0,3,141.6218000000008
P3,SWA_Stimulus,SWA_Stimulus_Event_Details,59162.133,59553.7685,1,5,391.6354999999967
P3,SWA_Stimulus,SWA_Stimulus_EventInfo_1,61253.5784,61545.2164,2,1,291.637999999999
P3,SWA_Stimulus,SWA_Stimulus_Navigation_1,61586.8678,62153.4967,3,3,566.6289000000033
P3,SWA_Stimulus,SWA_Stimulus_EventInfo_1,62178.4838,62345.1319,0,2,166.64809999999852
P3,SWA_Stimulus,SWA_Stimulus_Event_Details,62911.729,63961.6109,5,7,1049.8819000000003
P3,SWA_Stimulus,SWA_Stimulus_EventInfo_2,64144.9132,64328.2582,1,2,183.3449999999939
P3,SWA_Stimulus,SWA_Stimulus_Add_2,64394.8858,64536.5568,1,1,141.6710000000021
P3,SWA_Stimulus,SWA_Stimulus_EventInfo_3,64753.2055,64944.8488,1,1,191.64330000000336
P3,SWA_Stimulus,SWA_Stimulus_EventInfo_3,65094.8126,65253.1266,1,1,158.31400000000576
P3,SWA_Stimulus,SWA_Stimulus_Add_2,65394.7775,65419.7738,0,1,24.99630000000616
P3,SWA_Stimulus,SWA_Stimulus_Status_Published3,65844.7998,66069.7051,1,0,224.90530000001309
P3,SWA_Stimulus,SWA_Stimulus_Journalist_List_3,66103.0343,66378.0468,1,0,275.0124999999971
P3,SWA_Stimulus,SWA_Stimulus_EventInfo_1,66378.0468,66419.6649,0,1,41.61810000000696
P3,SWA_Stimulus,SWA_Stimulus_EventInfo_2,66952.9628,67127.949,1,0,174.98619999999937
P3,SWA_Stimulus,SWA_Stimulus_EventInfo_2,68261.1517,68444.4554,1,2,183.30370000000403
P3,SWA_Stimulus,SWA_Stimulus_Journalist_List5,68452.8042,68527.7747,0,1,74.97049999999581
P3,SWA_Stimulus,SWA_Stimulus_EventInfo_2,68544.4492,68661.1258,0,3,116.6765999999916
P3,SWA_Stimulus,SWA_Stimulus_EventInfo_1,69760.9682,70102.6099,2,3,341.64169999999285
P3,SWA_Stimulus,SWA_Stimulus_Status_Published1,70344.274,70427.585,1,1,83.31100000000151
P3,SWA_Stimulus,SWA_Stimulus_EventInfo_3,70519.2416,70635.8856,1,0,116.64400000000023
P3,SWA_Stimulus,SWA_Stimulus_EventInfo_3,70660.8668,71269.1487,3,5,608.2819000000018
P3,SWA_Stimulus,SWA_Stimulus_EventInfo_2,71360.811,71544.1109,1,4,183.29989999999816
P3,SWA_Stimulus,SWA_Stimulus_Journalist_List4,71544.1109,71744.0848,1,0,199.97389999999723
P3,SWA_Stimulus,SWA_Stimulus_EventInfo_2,71744.0848,71869.0623,1,1,124.97750000000815
P3,SWA_Stimulus,SWA_Stimulus_EventInfo_3,71927.3911,72310.715,2,3,383.32390000000305
P3,SWA_Stimulus,SWA_Stimulus_EventInfo_2,72452.3396,72777.2956,2,5,324.95599999999104
P3,SWA_Stimulus,SWA_Stimulus_Journalist_List_6,72777.2956,72935.6632,1,0,158.36759999999776
P3,SWA_Stimulus,SWA_Stimulus_EventInfo_2,72935.6632,73443.9353,2,6,508.27210000000196
P3,SWA_Stimulus,SWA_Stimulus_Question_Task1,73760.5684,73835.5523,1,0,74.98389999999199
P3,SWA_Stimulus,SWA_Stimulus_Question_Task1,74052.2088,74227.2249,1,3,175.016100000008
P3,SWA_Stimulus,SWA_Stimulus_Question_Task1,74327.1764,74510.5367,1,1,183.36030000000028
P3,SWA_Stimulus,SWA_Stimulus_EventInfo_2,75252.0182,75776.9765,2,6,524.9582999999984
P3,SWA_Stimulus,SWA_Stimulus_EventInfo_1,77085.1751,78001.7182,3,3,916.5431000000099
P3,SWA_Stimulus,SWA_Stimulus_EventInfo_1,78776.6329,78859.9912,1,0,83.35830000000715
P3,SWA_Stimulus,SWA_Stimulus_EventInfo_1,78943.2954,79426.5939,1,2,483.2985000000044
P3,SWA_Stimulus,SWA_Stimulus_Question_Task1,79568.211,80568.111,5,8,999.9000000000087
P3,SWA_Stimulus,SWA_Stimulus_Question_Task1,80601.452,80984.7582,3,4,383.3061999999918
P3,SWA_Stimulus,SWA_Stimulus_EventInfo_1,81426.366,81651.3261,1,1,224.96010000001115
P3,SWA_Stimulus,SWA_Stimulus_Add_1,82417.9315,82426.2526,0,1,8.321100000001024
P3,SWA_Stimulus,SWA_Stimulus_Add_1,82526.2919,82859.5316,1,0,333.23970000000554
P3,SWA_Stimulus,SWA_Stimulus_EventInfo_1,82909.5845,84717.684,5,5,1808.0994999999966
P3,SWA_Stimulus,SWA_Stimulus_EventInfo_1,86492.5063,86509.1708,0,1,16.664500000013504
P3,SWA_Stimulus,SWA_Stimulus_EventInfo_1,86609.1334,86667.5139,0,1,58.3804999999993
P3,SWA_Stimulus,SWA_Stimulus_Journalist_List_1,86892.4266,87042.528,1,3,150.10139999999956
P3,SWA_Stimulus,SWA_Stimulus_EventInfo_1,87092.4206,87450.6932,1,1,358.2725999999966
P3,SWA_Stimulus,SWA_Stimulus_Navigation_1,87450.6932,87834.0299,2,3,383.33669999999984
P3,SWA_Stimulus,SWA_Stimulus_Navigation_1,88867.2167,90200.4282,6,6,1333.2114999999903
P3,SWA_Stimulus,SWA_Stimulus_EventInfo_1,90200.4282,90450.3668,1,3,249.9386000000086
P3,SWA_Stimulus,SWA_Stimulus_EventInfo_1,91233.6148,91450.2937,0,3,216.67889999999898
P3,SWA_Stimulus,SWA_Stimulus_Journalist_List_1,91825.2151,92108.525,1,1,283.3098999999929
P3,SWA_Stimulus,SWA_Stimulus_EventInfo_1,93291.7339,93425.0769,1,1,133.34299999999348
P3,SWA_Stimulus,SWA_Stimulus_Status_Published2,93483.4243,93700.0086,1,1,216.58430000000226
P3,SWA_Stimulus,SWA_Stimulus_Journalist_List_2,93700.0086,94099.9672,1,1,399.9585999999981
P3,SWA_Stimulus,SWA_Stimulus_EventInfo_1,94125.0014,94483.2612,2,2,358.2597999999998
P3,SWA_Stimulus,SWA_Stimulus_EventInfo_1,94499.9782,94633.2851,1,1,133.30689999999595
P3,SWA_Stimulus,SWA_Stimulus_Add_1,94649.9061,94766.5628,0,3,116.65670000000682
P3,SWA_Stimulus,SWA_Stimulus_Event_Details,95049.9107,95124.8574,0,2,74.94670000000042
P3,SWA_Stimulus,SWA_Stimulus_Event_Details,95324.8707,95458.1528,1,2,133.28209999999672
P3,SWA_Stimulus,SWA_Stimulus_EventInfo_1,95591.4721,95666.4708,0,2,74.99869999999646
P3,SWA_Stimulus,SWA_Stimulus_Event_Details,95824.8619,96199.7436,2,3,374.8816999999981
P3,SWA_Stimulus,SWA_Stimulus_EventInfo_1,96316.398,96324.7847,0,1,8.386700000002747
P3,SWA_Stimulus,SWA_Stimulus_Add_1,96349.7793,98199.5374,1,0,1849.7581000000064
P3,SWA_Stimulus,SWA_Stimulus_EventInfo_1,98574.4927,99591.0647,4,5,1016.5720000000001
P3,SWA_Stimulus,SWA_Stimulus_EventInfo_1,99732.7009,99741.0746,0,1,8.373700000011013
P3,SWA_Stimulus,SWA_Stimulus_Add_1,101365.851,101540.8455,1,0,174.9945000000007
P3,SWA_Stimulus,SWA_Stimulus_Navigation_1,101815.8049,102149.0954,1,1,333.2905000000028
P3,SWA_Stimulus,SWA_Stimulus_Add_1,102574.0767,103698.9524,1,0,1124.8756999999896
P3,SWA_Stimulus,SWA_Stimulus_Add_1,104498.8399,104657.1963,1,1,158.35639999998966
P3,SWA_Stimulus,SWA_Stimulus_EventInfo_2,104865.5094,105032.1051,1,1,166.5957000000053
P3,SWA_Stimulus,SWA_Stimulus_Event_Details,105148.7586,105190.4496,0,2,41.69100000000617
P3,SWA_Stimulus,SWA_Stimulus_Event_Details,105498.8326,105998.7009,1,3,499.8683000000019
P3,SWA_Stimulus,SWA_Stimulus_Add_1,106265.3084,107648.5159,1,1,1383.207500000004
P3,SWA_Stimulus,SWA_Stimulus_EventInfo_1,107690.1604,107898.4585,2,1,208.29809999999998
P3,SWA_Stimulus,SWA_Stimulus_EventInfo_1,107940.1595,108215.0927,1,1,274.9331999999995
P3,SWA_Stimulus,SWA_Stimulus_Status Request1,108306.7476,108348.4226,0,1,41.67500000000291
P3,SWA_Stimulus,SWA_Stimulus_Journalist_List_1,108348.4226,108673.3748,1,0,324.9521999999997
P3,SWA_Stimulus,SWA_Stimulus_Status Request1,108673.3748,108898.3807,1,1,225.0058999999892
P3,SWA_Stimulus,SWA_Stimulus_EventInfo_1,109598.3767,109673.2996,0,1,74.92290000000503
P3,SWA_Stimulus,SWA_Stimulus_EventInfo_1,109806.5958,109873.2517,0,2,66.65589999999793
P3,SWA_Stimulus,SWA_Stimulus_EventInfo_1,109931.5701,109939.9195,0,1,8.349400000006426
P3,SWA_Stimulus,SWA_Stimulus_Journalist_List_1,110056.5728,110164.889,1,0,108.31620000000112
P3,SWA_Stimulus,SWA_Stimulus_EventInfo_1,110164.889,110589.8671,2,2,424.97810000000754
P3,SWA_Stimulus,SWA_Stimulus_EventInfo_1,110798.1693,113639.5033,5,7,2841.3340000000026
P3,SWA_Stimulus,SWA_Stimulus_Status Request1,113639.5033,113906.1533,1,0,266.65000000000873
P3,SWA_Stimulus,SWA_Stimulus_EventInfo_1,113906.1533,114106.1473,1,1,199.9939999999915
P3,SWA_Stimulus,SWA_Stimulus_Journalist_List_1,114106.1473,114672.7379,3,3,566.5905999999959
P3,SWA_Stimulus,SWA_Stimulus_EventInfo_1,114722.7473,114947.7256,1,2,224.9783000000025
P3,SWA_Stimulus,SWA_Stimulus_Status Request1,114981.0808,114989.3844,0,1,8.303599999999278
P3,SWA_Stimulus,SWA_Stimulus_Journalist_List_1,115106.0356,115114.368,0,1,8.332399999999325
P3,SWA_Stimulus,SWA_Stimulus_EventInfo_1,115172.6656,115306.058,1,1,133.39240000001155
P3,SWA_Stimulus,SWA_Stimulus_Journalist_List_1,115306.058,115314.3497,0,1,8.291700000001583
P3,SWA_Stimulus,SWA_Stimulus_EventInfo_1,115372.7178,115722.6601,1,2,349.94229999999516
P3,SWA_Stimulus,SWA_Stimulus_EventInfo_2,117997.3911,118014.0512,0,1,16.660100000008242
P3,SWA_Stimulus,SWA_Stimulus_EventInfo_2,118080.6921,118172.3838,0,3,91.69169999999576
P3,SWA_Stimulus,SWA_Stimulus_Journalist_List5,118197.3951,118322.3239,1,1,124.92880000000878
P3,SWA_Stimulus,SWA_Stimulus_Journalist_List4,118330.6565,118513.9974,1,1,183.3408999999956
P3,SWA_Stimulus,SWA_Stimulus_Status_invited1,118513.9974,118597.3258,0,1,83.32840000001306
P3,SWA_Stimulus,SWA_Stimulus_Status_invited1,118663.9596,118713.9522,0,2,49.992599999997765
P3,SWA_Stimulus,SWA_Stimulus_Journalist_List4,118805.604,118838.9629,0,2,33.35889999999199
P3,SWA_Stimulus,SWA_Stimulus_Status_invited1,118838.9629,119197.2263,1,0,358.2633999999962
P3,SWA_Stimulus,SWA_Stimulus_EventInfo_2,119388.8727,119447.2,0,2,58.32729999998992
P3,SWA_Stimulus,SWA_Stimulus_EventInfo_3,119605.5191,119705.5372,1,2,100.01810000000114
P3,SWA_Stimulus,SWA_Stimulus_EventInfo_2,120305.4598,120355.4503,0,1,49.990499999999884
P3,SWA_Stimulus,SWA_Stimulus_EventInfo_2,120397.1024,120505.4465,0,2,108.34410000000207
P3,SWA_Stimulus,SWA_Stimulus_Add_1,121172.0118,121821.9474,2,1,649.9356000000116
P3,SWA_Stimulus,SWA_Stimulus_EventInfo_1,121847.0202,121921.9463,0,1,74.92609999999695
P3,SWA_Stimulus,SWA_Stimulus_Event_Details,122946.8596,123021.8313,0,1,74.97170000000915
P3,SWA_Stimulus,SWA_Stimulus_Available_Journalists,123121.8039,123246.8038,1,2,124.99989999999525
P3,SWA_Stimulus,SWA_Stimulus_Event_Details,123246.8038,123288.5013,0,2,41.69750000000931
P3,SWA_Stimulus,SWA_Stimulus_Available_Journalists,123296.814,123413.4601,0,3,116.64609999999811
P3,SWA_Stimulus,SWA_Stimulus_Event_Details,123430.1115,123480.1093,0,1,49.99779999999737
P3,SWA_Stimulus,SWA_Stimulus_Available_Journalists,123505.1049,123688.4337,1,2,183.3287999999884
P3,SWA_Stimulus,SWA_Stimulus_Event_Details,123713.4133,123738.4327,0,1,25.01940000000468
P3,SWA_Stimulus,SWA_Stimulus_Available_Journalists,123830.0848,124321.6874,1,7,491.60259999999835
P3,SWA_Stimulus,SWA_Stimulus_Available_Journalists,124363.3458,124488.3319,1,0,124.98610000000917
P3,SWA_Stimulus,SWA_Stimulus_Status_Published3,124779.9751,125354.9158,2,2,574.9407000000065
P3,SWA_Stimulus,SWA_Stimulus_EventInfo_1,125363.233,125638.2245,0,8,274.9915000000037
P3,SWA_Stimulus,SWA_Stimulus_Status_Published3,125663.2249,125738.2179,1,1,74.99300000000221
P3,SWA_Stimulus,SWA_Stimulus_Status_Published3,126888.119,127296.3541,1,0,408.2350999999908
P3,SWA_Stimulus,SWA_Stimulus_EventInfo_1,127846.3611,130970.9803,9,11,3124.619200000001
P3,SWA_Stimulus,SWA_Stimulus_Status Request1,130970.9803,131645.8907,1,0,674.9103999999934
P3,SWA_Stimulus,SWA_Stimulus_EventInfo_2,132479.1361,132787.4215,1,1,308.2853999999934
P3,SWA_Stimulus,SWA_Stimulus_Journalist_List_1,133095.7237,133220.7082,1,1,124.98449999999139
P3,SWA_Stimulus,SWA_Stimulus_Status Request1,133245.706,133720.6626,1,0,474.956600000005
P3,SWA_Stimulus,SWA_Stimulus_Journalist_List_1,133720.6626,134203.9447,1,2,483.28209999998217
P3,SWA_Stimulus,SWA_Stimulus_Status Request1,134203.9447,134528.9152,1,0,324.9704999999958
P3,SWA_Stimulus,SWA_Stimulus_Journalist_List_1,134545.5914,134945.5433,1,0,399.95189999998547
P3,SWA_Stimulus,SWA_Stimulus_Question_Task1,135320.5038,135912.0963,2,1,591.5924999999988
P3,SWA_Stimulus,SWA_Stimulus_Event_Details,136312.047,136762.014,2,5,449.9670000000042
P3,SWA_Stimulus,SWA_Stimulus_EventInfo_1,136920.3128,137528.5963,1,2,608.2834999999905
P3,SWA_Stimulus,SWA_Stimulus_Journalist_List_2,137528.5963,138878.467,1,0,1349.8706999999995
P3,SWA_Stimulus,SWA_Stimulus_Journalist_List_1,138920.0918,139936.6861,2,1,1016.594299999997
P3,SWA_Stimulus,SWA_Stimulus_EventInfo_1,139970.0105,140528.2662,1,3,558.2557000000088
P3,SWA_Stimulus,SWA_Stimulus_EventInfo_1,140544.9049,141011.5829,2,2,466.67800000001444
P3,SWA_Stimulus,SWA_Stimulus_Journalist_List_1,141153.1864,141344.8543,1,1,191.66790000000037
P3,SWA_Stimulus,SWA_Stimulus_EventInfo_1,141853.1314,141894.7638,0,1,41.63239999997313
P3,SWA_Stimulus,SWA_Stimulus_Journalist_List_1,141894.7638,142053.1024,1,0,158.33860000001732
P3,SWA_Stimulus,SWA_Stimulus_Status Request1,142078.1196,142369.7072,1,0,291.58759999999893
P3,SWA_Stimulus,SWA_Stimulus_Journalist_List_1,142369.7072,142944.6517,1,1,574.9444999999832
P3,SWA_Stimulus,SWA_Stimulus_Event_Details,144294.4941,144777.7794,2,7,483.28529999998864
P3,SWA_Stimulus,SWA_Stimulus_Event_Details,144861.1267,145327.747,1,2,466.6203000000096
P3,SWA_Stimulus,SWA_Stimulus_EventInfo_1,147485.8224,147494.1466,0,1,8.324200000002747
P3,SWA_Stimulus,SWA_Stimulus_Status Request1,147694.1509,148219.0672,1,0,524.9162999999826
P3,SWA_Stimulus,SWA_Stimulus_EventInfo_1,148219.0672,148427.3834,1,1,208.31620000000112
P3,SWA_Stimulus,SWA_Stimulus_Add_1,148427.3834,148869.0093,1,1,441.62590000001364
P3,SWA_Stimulus,SWA_Stimulus_Journalist_List_1,149310.6166,149643.9587,1,1,333.34209999997984
P3,SWA_Stimulus,SWA_Stimulus_Status Request1,149660.6027,149685.6417,0,1,25.03900000001886
P3,SWA_Stimulus,SWA_Stimulus_EventInfo_1,149685.6417,149910.5581,1,0,224.91639999998733
P3,SWA_Stimulus,SWA_Stimulus_Status Request1,149910.5581,150218.8713,1,1,308.31320000000414
P3,SWA_Stimulus,SWA_Stimulus_Status_Published1,150427.175,150752.1238,1,2,324.94880000001285
P3,SWA_Stimulus,SWA_Stimulus_Status Request1,150785.463,151168.9111,1,0,383.4481000000087
P3,SWA_Stimulus,SWA_Stimulus_Status_Published2,151218.738,151427.0477,1,0,208.30969999998342
P3,SWA_Stimulus,SWA_Stimulus_Add_1,151485.3745,151793.7373,1,0,308.3628000000026
P3,SWA_Stimulus,SWA_Stimulus_EventInfo_1,151793.7373,152085.3321,1,1,291.59479999999166
P3,SWA_Stimulus,SWA_Stimulus_Status Request1,152460.2634,152593.6115,1,0,133.3481000000029
P3,SWA_Stimulus,SWA_Stimulus_Status Request1,152610.2815,153485.1487,2,1,874.8671999999788
P3,SWA_Stimulus,SWA_Stimulus_EventInfo_1,153518.4791,153668.4717,1,0,149.99259999999776
P3,SWA_Stimulus,SWA_Stimulus_Journalist_List_1,153793.4992,153818.4471,0,1,24.94789999999921
P3,SWA_Stimulus,SWA_Stimulus_EventInfo_1,153818.4471,153968.4627,1,0,150.01560000001336
P3,SWA_Stimulus,SWA_Stimulus_Journalist_List_2,154018.4346,154093.4123,1,0,74.97769999998854
P3,SWA_Stimulus,SWA_Stimulus_Navigation_1,154160.0884,154510.0643,1,0,349.97589999999036
P3,SWA_Stimulus,SWA_Stimulus_Status Request1,154510.0643,154560.0272,0,1,49.96290000001318
P3,SWA_Stimulus,SWA_Stimulus_Status Request1,154743.3503,154768.3422,0,1,24.991900000022724
P3,SWA_Stimulus,SWA_Stimulus_Status_Published1,155101.6876,155343.2814,2,2,241.59380000000237
P3,SWA_Stimulus,SWA_Stimulus_Status Request1,155351.6517,155526.5868,1,0,174.93510000000242
P3,SWA_Stimulus,SWA_Stimulus_EventInfo_1,155526.5868,155759.9208,1,1,233.33400000000256
P3,SWA_Stimulus,SWA_Stimulus_Add_1,155784.8885,155859.9222,0,2,75.03369999999995
P3,SWA_Stimulus,SWA_Stimulus_EventInfo_1,155893.2711,155918.2156,0,1,24.944499999983236
P3,SWA_Stimulus,SWA_Stimulus_Journalist_List_3,156176.5151,156209.8423,0,1,33.32719999999972
P3,SWA_Stimulus,SWA_Stimulus_Status_Published3,156209.8423,156468.1815,1,0,258.3392000000167
P3,SWA_Stimulus,SWA_Stimulus_Journalist_List_1,156618.1767,156743.1958,1,0,125.01909999997588
P3,SWA_Stimulus,SWA_Stimulus_Status Request1,156768.1145,156993.093,1,0,224.97849999999744
P3,SWA_Stimulus,SWA_Stimulus_Status_Published1,157009.7893,157176.4096,1,0,166.6203000000096
P3,SWA_Stimulus,SWA_Stimulus_Status_Published1,157193.0952,158392.9571,3,2,1199.861899999989
P3,SWA_Stimulus,SWA_Stimulus_Status_Published2,158451.2971,158717.9006,1,0,266.60349999999744
P3,SWA_Stimulus,SWA_Stimulus_Journalist_List_2,158717.9006,159001.2276,1,2,283.3270000000193
P3,SWA_Stimulus,SWA_Stimulus_Status_Published2,159034.5637,159267.8464,1,0,233.28270000001066
P3,SWA_Stimulus,SWA_Stimulus_Journalist_List_2,159267.8464,159867.8041,1,1,599.957699999999
P3,SWA_Stimulus,SWA_Stimulus_EventInfo_2,160076.0871,160084.4347,0,1,8.347600000008242
P3,SWA_Stimulus,SWA_Stimulus_Journalist_List4,160109.4166,160117.7469,0,1,8.330300000001444
P3,SWA_Stimulus,SWA_Stimulus_Journalist_List4,160151.0781,160192.7594,0,1,41.681299999996554
P3,SWA_Stimulus,SWA_Stimulus_EventInfo_2,160276.0848,160392.7521,0,5,116.66730000000098
P3,SWA_Stimulus,SWA_Stimulus_Add_2,160467.7722,160542.7182,1,1,74.94599999999627
P3,SWA_Stimulus,SWA_Stimulus_Journalist_List_6,160701.0322,160984.3622,1,3,283.3300000000163
P3,SWA_Stimulus,SWA_Stimulus_Status_Published_5,160984.3622,161184.3175,1,0,199.95530000000144
P3,SWA_Stimulus,SWA_Stimulus_Journalist_List5,161242.6997,161317.6326,1,0,74.93290000001434
P3,SWA_Stimulus,SWA_Stimulus_Journalist_List5,161400.9684,161434.2895,0,1,33.321100000001024
P3,SWA_Stimulus,SWA_Stimulus_Status_Published_4,161434.2895,161675.9397,1,0,241.65019999997457
P3,SWA_Stimulus,SWA_Stimulus_Journalist_List4,161717.5829,161900.9403,1,1,183.35739999997895
P3,SWA_Stimulus,SWA_Stimulus_Status_invited1,161900.9403,162742.4785,1,0,841.53820000001
P3,SWA_Stimulus,SWA_Stimulus_Journalist_List4,162742.4785,163050.7808,1,2,308.3023000000103
P3,SWA_Stimulus,SWA_Stimulus_EventInfo_2,163142.4169,163175.8246,0,1,33.40769999998156
P3,SWA_Stimulus,SWA_Stimulus_EventInfo_3,164350.7158,164392.3076,0,1,41.59179999999469
P3,SWA_Stimulus,SWA_Stimulus_EventInfo_3,165075.54,165100.5362,0,1,24.996199999994133
P3,SWA_Stimulus,SWA_Stimulus_Status_Published_6,165150.5811,165300.5136,1,1,149.93249999999534
P3,SWA_Stimulus,SWA_Stimulus_EventInfo_2,165367.1749,165592.1683,1,2,224.99339999997756
P3,SWA_Stimulus,SWA_Stimulus_Journalist_List4,165592.1683,165825.4849,1,0,233.31660000002012
P3,SWA_Stimulus,SWA_Stimulus_Status_invited1,165892.1776,166208.778,1,3,316.6003999999957
P3,SWA_Stimulus,SWA_Stimulus_Status_Request2,166233.7838,166483.7415,1,1,249.95769999999902
P3,SWA_Stimulus,SWA_Stimulus_Journalist_List4,166617.045,166783.6936,1,2,166.6485999999859
P3,SWA_Stimulus,SWA_Stimulus_Journalist_List4,166900.3385,166908.6719,0,1,8.333399999974063
P3,SWA_Stimulus,SWA_Stimulus_EventInfo_2,166917.0228,167142.0155,1,2,224.99270000000251
P3,SWA_Stimulus,SWA_Stimulus_Status_Published_5,167142.0155,167425.317,1,0,283.3015000000014
P3,SWA_Stimulus,SWA_Stimulus_Journalist_List_2,168350.2412,168500.1823,0,4,149.94109999999637
P3,SWA_Stimulus,SWA_Stimulus_Journalist_List_1,168916.837,169200.0856,1,1,283.2485999999917
P3,SWA_Stimulus,SWA_Stimulus_Status Request1,169233.4601,169508.3874,1,2,274.9273000000103
P3,SWA_Stimulus,SWA_Stimulus_EventInfo_1,169591.7117,170191.6468,2,1,599.9350999999733
P3,SWA_Stimulus,SWA_Stimulus_Status Request1,170191.6468,170358.2944,0,4,166.6476000000257
P3,SWA_Stimulus,SWA_Stimulus_Status Request1,170483.309,170599.9453,1,1,116.63629999998375
P3,SWA_Stimulus,SWA_Stimulus_Journalist_List_3,170966.6176,171141.5405,1,0,174.92290000000503
P3,SWA_Stimulus,SWA_Stimulus_Status_Published3,171166.5375,171316.5364,1,0,149.99890000000596
P3,SWA_Stimulus,SWA_Stimulus_Journalist_List_3,171341.5192,171424.8403,1,0,83.32110000000102
P3,SWA_Stimulus,SWA_Stimulus_Status Request1,171683.1469,172091.4487,1,1,408.30180000001565
P3,SWA_Stimulus2,SWA_Stimulus2_Question,171691.4793,172091.4487,1,0,399.96940000000177
P3,SWA_Stimulus2,SWA_Stimulus2_Question_Control,172091.4487,172183.0878,1,1,91.63910000000033
P3,SWA_Stimulus2,SWA_Stimulus2_Question,172708.0483,172858.0242,1,1,149.97590000001946
P3,SWA_Stimulus2,SWA_Stimulus2_Question_Task2,173116.3469,173291.3154,1,1,174.96849999998813
P3,SWA_Stimulus2,SWA_Stimulus2_Question_Task2,173516.2805,174132.8902,1,7,616.6097000000009
P3,SWA_Stimulus2,SWA_Stimulus2_Question_Task2,174174.5586,175941.0483,4,18,1766.4897000000055
P3,SWA_Stimulus2,SWA_Stimulus2_Question,177132.5378,178490.7235,4,5,1358.1857000000018
P3,SWA_Stimulus2,SWA_Stimulus2_Submission,178790.6863,179165.6527,1,1,374.9664000000048
P3,SWA_Stimulus2,SWA_Stimulus2_Question_Task2,179282.3175,180515.514,5,21,1233.196499999991
P3,SWA_Stimulus2,SWA_Stimulus2_Question_Task2,180582.1957,181465.3965,3,6,883.2007999999914
P3,SWA_Stimulus2,SWA_Stimulus2_Question_Task2,181523.7234,183390.2274,9,19,1866.5040000000154
P3,SWA_Stimulus2,SWA_Stimulus2_Question_Task2,183506.8905,183523.51,0,1,16.6195000000007
P3,SWA_Stimulus2,SWA_Stimulus2_Question_Task2,184031.7925,184106.7876,1,1,74.9951000000001
P3,SWA_Stimulus2,SWA_Stimulus2_Question_Task2,184248.4345,184298.4581,0,1,50.02359999998589
P3,SWA_Stimulus2,SWA_Stimulus2_Question,184573.4055,184748.4196,1,2,175.01410000000033
P3,SWA_Stimulus2,SWA_Stimulus2_Question,184765.0776,184965.0585,1,1,199.98090000002412
P3,SWA_Stimulus2,SWA_Stimulus2_Question_Control,185023.3528,185464.9813,2,2,441.6285000000207
P3,SWA_Stimulus2,SWA_Stimulus2_Question_Control,185839.929,186156.5618,2,1,316.63279999999213
P3,SWA_Stimulus2,SWA_Stimulus2_Question,186156.5618,186514.8842,2,2,358.32240000000456
P3,SWA_Stimulus2,SWA_Stimulus2_View button,186739.8297,187223.1158,2,2,483.28609999999753
P3,SWA_Stimulus2,SWA_Stimulus2_Submission,187223.1158,187464.7973,1,1,241.68150000000605
P3,SWA_Stimulus2,SWA_Stimulus2_Published_Report_1,187573.0738,187756.3852,0,4,183.31139999997686
P3,SWA_Stimulus2,SWA_Stimulus2_Question_Editor,187756.3852,187889.7054,1,1,133.32020000001648
P3,SWA_Stimulus2,SWA_Stimulus2_Current_Selection,187948.0375,188064.702,0,3,116.6644999999844
P3,SWA_Stimulus2,SWA_Stimulus2_Current_Selection,188139.6802,188231.3771,0,2,91.69690000000992
P3,SWA_Stimulus2,SWA_Stimulus2_Published_Report_1,188406.3165,188697.9826,2,2,291.6661000000022
P3,SWA_Stimulus2,SWA_Stimulus2_Question_Editor,188889.6024,189089.599,1,2,199.99659999998403
P3,SWA_Stimulus2,SWA_Stimulus2_Edit_button,189306.2165,189447.9008,1,0,141.68429999999353
P3,SWA_Stimulus2,SWA_Stimulus2_Submission,189589.5428,189714.5087,1,1,124.96590000001015
P3,SWA_Stimulus2,SWA_Stimulus2_View button,189772.8556,189989.5123,1,3,216.65669999999227
P3,SWA_Stimulus2,SWA_Stimulus2_Question,190422.7952,190681.1325,1,1,258.3373000000138
P3,SWA_Stimulus2,SWA_Stimulus2_Question_Control,190839.4065,191439.357,2,1,599.9504999999772
P3,SWA_Stimulus2,SWA_Stimulus2_Question,191439.357,192114.252,2,4,674.8950000000186
P3,SWA_Stimulus2,SWA_Stimulus2_Question,192847.5032,192939.1609,1,0,91.65769999998156
P3,SWA_Stimulus2,SWA_Stimulus2_Question_Task2,193039.1742,193772.4377,3,10,733.2635000000009
P3,SWA_Stimulus2,SWA_Stimulus2_Question_Task2,193814.1013,194555.7138,3,7,741.6124999999884
P3,SWA_Stimulus2,SWA_Stimulus2_Question_Task2,194597.3538,195405.5706,5,7,808.2167999999947
P3,SWA_Stimulus2,SWA_Stimulus2_Question,195547.2175,195580.5549,0,1,33.33739999998943
P3,SWA_Stimulus2,SWA_Stimulus2_Question,195647.2076,195738.8623,0,2,91.65470000001369
P3,SWA_Stimulus2,SWA_Stimulus2_Question,196247.1432,196522.1163,1,2,274.9731000000029
P3,SWA_Stimulus2,SWA_Stimulus2_Question_Control,196697.1114,196830.4292,1,1,133.3178000000189
P3,SWA_Stimulus2,SWA_Stimulus2_Question,196830.4292,197513.7029,3,4,683.2736999999906
P3,SWA_Stimulus2,SWA_Stimulus2_Question_Control,197538.6986,197663.6856,1,0,124.98699999999371
P3,SWA_Stimulus2,SWA_Stimulus2_Submission,197763.6652,197888.6291,1,0,124.96390000000247
P3,SWA_Stimulus2,SWA_Stimulus2_View button,197888.6291,198271.9796,2,2,383.35050000000047
P3,SWA_Stimulus2,SWA_Stimulus2_Submission,198271.9796,198538.5803,1,1,266.60070000000997
P3,SWA_Stimulus2,SWA_Stimulus2_Current_Selection,198646.8999,198821.8589,1,1,174.95900000000256
P3,SWA_Stimulus2,SWA_Stimulus2_Published_Report_1,198905.1824,198938.5614,0,1,33.37900000001537
P3,SWA_Stimulus2,SWA_Stimulus2_Published_Report_1,199055.2103,199321.8349,1,4,266.624599999981
P3,SWA_Stimulus2,SWA_Stimulus2_EventInfo,199330.1676,199538.4508,1,3,208.2832000000053
P3,SWA_Stimulus2,SWA_Stimulus2_Question_Editor,199546.8513,199605.1076,0,1,58.25629999997909
P3,SWA_Stimulus2,SWA_Stimulus2_Submission_information,199638.4731,199713.5421,1,0,75.06899999998859
P3,SWA_Stimulus2,SWA_Stimulus2_Edit_button,199921.7412,200305.0568,1,4,383.3156000000017
P3,SWA_Stimulus2,SWA_Stimulus2_Question_Editor,200496.7047,200588.3935,0,3,91.68880000000354
P3,SWA_Stimulus2,SWA_Stimulus2_Edit_button,201321.59,201329.9139,0,1,8.323900000017602
P3,SWA_Stimulus2,SWA_Stimulus2_Question_Task2,201496.5627,202779.7596,6,11,1283.1968999999808
P3,SWA_Stimulus2,SWA_Stimulus2_Edit_button,203004.717,203188.0415,1,1,183.3244999999879
P3,SWA_Stimulus2,SWA_Stimulus2_Edit_button,203488.0061,204737.8919,1,0,1249.885799999989
P3,SWA_Stimulus2,SWA_Stimulus2_Submission,205479.4539,205646.0831,1,1,166.62919999999576
P3,SWA_Stimulus2,SWA_Stimulus2_View button,205837.7186,206579.3086,1,1,741.5899999999965
P3,SWA_Stimulus2,SWA_Stimulus2_Question,207262.6024,207470.8725,1,1,208.27009999999427
P3,SWA_Stimulus2,SWA_Stimulus2_Question_Control,207470.8725,208420.8004,1,1,949.9279000000097
P3,SWA_Stimulus2,SWA_Stimulus2_View button,208620.8012,208920.7135,1,2,299.9123000000254
P3,SWA_Stimulus2,SWA_Stimulus2_Edit_button,209387.3307,209578.9728,1,0,191.6420999999973
P3,SWA_Stimulus2,SWA_Stimulus2_EventInfo,209637.3284,210003.9412,1,0,366.6128000000026
P3,SWA_Stimulus2,SWA_Stimulus2_Submission,210253.8956,210662.2001,1,0,408.30449999999837
P3,SWA_Stimulus2,SWA_Stimulus2_Edit_button,211145.4631,211462.0946,2,2,316.6315000000177
P3,SWA_Stimulus2,SWA_Stimulus2_Submission_information,211520.42,211995.3744,1,0,474.9543999999878
P3,SWA_Stimulus2,SWA_Stimulus2_Question_Editor,211995.3744,213511.8656,7,12,1516.4911999999895
P3,SWA_Stimulus2,SWA_Stimulus2_Submission,213845.1625,213953.4813,1,0,108.3188000000082
P3,SWA_Stimulus2,SWA_Stimulus2_Submission,214295.1396,214328.4371,0,1,33.297500000015134
P3,SWA_Stimulus2,SWA_Stimulus2_Submission,215136.6941,215503.3053,1,1,366.6112000000139
